,X1,X2,X3,X4,X5
0,-2.8422781161577726,-1.3090567163117472,2.702011738702883,-3.15015790987257,-1.1778696631299868
1,1.0681410993129534,-0.2201830470457915,0.8660078767834652,-3.395436033273241,-0.12072958446661108
2,1.3765404142377988,-0.009220212875974132,1.6925227298357517,-2.59933225978015,1.4665100138593739
3,-3.6449683977780865,1.4150596561546507,-4.110769874327951,3.499323954191647,-0.16545997306605098
4,1.6152034221318272,-3.500584573377799,7.387836973723964,-2.4794744942173743,1.273120820214212
5,1.5770279789072754,-1.5421601205097741,1.8217391127119062,2.196109081507903,0.7613919661589241
6,0.004043754396495162,1.696418879857015,-5.1320180764189365,-1.3758052222949322,-0.6494058556955912
7,-1.9617957412299365,0.7701494213849294,-4.289892161660078,4.9219854757110895,-0.040088177292389615
8,-4.548770361627346,-0.36287964053432403,3.4316791267581706,-1.92868466911588,-0.2412099731086704
9,0.7248616127937428,1.747304123772828,-3.6938446094994086,1.9216411894457126,-1.3158645602463153
10,1.847393419636104,-1.4894918130087396,-1.4225190714292013,1.9814217561052168,0.7305391857259798
11,-4.975762073671968,1.9049915495814602,-3.6160185772742652,-1.0559999669529523,0.4770913013477784
12,-0.130176996874189,2.13439507136496,11.054901580721033,-2.0742336957474983,0.15790179535689475
13,1.7985740469303626,1.6122136182592148,-4.332509402072221,-2.743638915579384,0.8733353933200235
14,-0.9004052672233945,1.7819309641939254,-3.0105092024579223,5.222151795594113,-0.17442641186838234
15,-4.103292328769416,-3.2038030398735184,-4.909126981746269,3.658326256557574,0.4558083944887402
16,-0.28383724212593403,-0.7036160284259815,-4.853884344635021,3.0784357428438556,-1.2597678254435274
17,1.5069415534567003,1.2951556229707921,10.562557344839126,2.32501003351844,0.8926400406810894
18,1.5636349394916704,-0.12725914363369045,9.953079069191833,0.707166333019839,-1.193762079779839
19,1.8816780826710642,0.9306312150673677,-4.258009686210881,3.559898245009623,-0.21026150760044876
20,-2.917834664569194,1.6733558710474397,-4.255386642814735,-3.189690295947337,-0.6200890845628176
21,3.061975188094657,1.154830895235797,-3.208091767493817,0.8851737002449624,1.2783887444654822
22,-3.617056483204771,-0.38145600191339285,2.474365698385547,-1.775128105785239,-0.08937397773599011
23,-0.6938005022606645,1.7116906563020862,6.403652554756781,3.33860889112716,0.33209772219254563
24,2.1120859872270503,1.8781581803170573,1.5513681984655014,-2.226185472392285,0.06719011333418415
25,2.3246623410795113,1.9919778113687348,-4.151866696947531,3.9021735057687446,-0.46276512738330006
26,-1.3116557707350063,1.1313662358986887,-1.5740345301956655,-2.0859006844600216,-1.0461468889111771
27,-0.5486365824060874,-2.723006585789649,-5.114547257478816,3.8120689631329028,-0.21519559836539737
28,-2.2938301702797244,1.7714702713006463,-3.8431911017302833,0.8800172830767218,-1.289319188180472
29,-3.0859773263443833,0.43731680311333776,-5.051007150977814,2.5309006325180707,0.5378593139627151
30,-1.482434605983455,-1.011716146084385,1.3827623141798235,3.469423644984128,0.385617319568579
31,2.3580924479152054,-1.5088708052818915,2.8270911068133397,4.242176649408665,0.4149553052546263
32,0.8519348503619585,-3.4201398694652263,1.70192357865229,-1.7773018602387947,0.09266579039183323
33,-4.429618183653267,-0.7023847787351486,0.10428895564719369,-2.1739545951112875,-0.8240985236904548
34,1.8642415011234763,1.6416738804206938,-1.8559015765997677,4.074197436396731,-0.8644084069518077
35,-3.7062121952986886,-1.2229396911055384,-3.5851315174539997,-1.9431251348419567,-1.0854359379642067
36,1.7544460217632467,-0.8477567668080543,8.61720153529271,3.4271171114737133,-0.682955032101021
37,-0.42335422378549886,1.7654343116667757,-0.3274149887386537,-1.898151715819745,1.444303647369107
38,1.3535544220019697,1.6842284188179717,-0.5983606132931955,3.411088104362538,-1.1840281305885663
39,0.2078457897998174,1.6762099539883744,-5.265616812887235,-0.010434781569830123,0.7677706365615491
40,0.032882301760088245,1.6872238227358798,2.2234870150132546,-0.04867056563662155,-0.9602601476799517
41,0.9981024952018599,1.0418445409415193,7.634758785532758,-2.6166084780065444,-0.6354301009964469
42,0.9727001786624344,-0.4890343846024642,-4.539224114507855,2.1773480324020147,-0.3630126459791093
43,1.742034696776682,1.638689258988093,-5.29384889366447,-2.546166666406489,0.21888249332322274
44,2.890560585116099,1.9748438576438914,-3.6839975138345875,-2.32665158827349,1.2348594319071586
45,2.4876560905789002,1.6242355769811234,10.76014231454256,0.8791964492851712,1.1961089724346434
46,2.472766227073669,0.7350548118923874,1.1476999230665512,0.7926664351256414,1.7883136391371448
47,1.7546514024808029,1.8669425121609025,-4.209044170326209,-0.5723499896133787,0.653646239956015
48,-3.375437714538392,1.3266677214017604,-4.980896309086235,-2.6354624339137502,0.39359208538718926
49,0.016434189703362568,1.2753847373261866,-3.075796426313483,-0.4894880479880387,-1.7496065774143261
50,1.6954932509581078,-4.7703291508296966,8.257945920043287,-2.759991373458193,1.0987657335671255
51,1.9573924000922343,2.319769438625182,9.95850375882206,-2.0025321317149465,-0.6249352853398686
52,-5.447372136186247,-3.138765313941925,8.043500537971946,2.1510829038039456,-0.28812214939214154
53,2.473129542894865,1.9175565932011165,0.11565603430390038,-2.057818249722031,1.5237115702591144
54,-7.02730893418097,-3.68494610556936,-7.256626810586465,-0.3258281078362397,-1.643268341214966
55,1.148585271187982,-2.2269266316507963,-5.806517949778617,2.424395604728475,-0.62083996246145
56,1.6368399699469827,1.8743674507495975,-4.9414751385172195,-2.0430230429499208,-0.7298456603985504
57,1.9169391545096013,2.554233763819392,-3.2660486691263935,-1.9452134621176336,0.37908946540843796
58,-6.006476943593575,-0.33842033020509504,6.247372729304231,-0.7157684958618752,-1.6115166953525375
59,2.069531178412051,1.8060625756442275,8.093583919244772,1.5890454026197955,0.5459029097599357
60,2.3288522012477753,1.9924790340504903,-3.4116389761696606,-1.4674402362521708,1.3662539000607878
61,-3.5656370791167653,1.3272752663401937,-5.294107138202584,2.0521444188986764,0.6390204273085988
62,0.6499912206454248,-1.3137928273681436,8.299782162236118,-3.543259615712016,-1.152309678468225
63,2.391809958018403,0.8490557320336174,-5.989751492083057,-0.5734717594870621,0.7870365945013447
64,-1.320268300035724,-3.0735802637036427,6.340678456659819,1.6029192827656817,-0.27600203249562444
65,1.237429814748132,-4.787416281495228,-6.182986992386731,-2.211875440399712,-0.8536661806004052
66,1.6771979736498668,1.4087627651966053,-3.034078954570819,-1.3192889763248912,-0.7488201638964882
67,1.0562784512477437,1.5898747854426263,-0.5635110641744875,1.0600198050739051,-0.7193555178050918
68,1.6681809318930891,0.8591337653405892,-5.652746122657162,-2.7029161389683223,-1.8696944419787
69,-2.6951016102045915,-3.2545260625368746,6.594612394369416,-0.7713091274327558,0.12169334408097587
70,1.8491641496073288,-0.20837712926437205,3.8075253667918343,-2.220740384857526,1.953147595811053
71,0.44969873981381875,-2.4178123979475044,8.198992469983352,-2.6940842717530162,-0.5821691007375335
72,-2.3022823434853277,-0.3025942137395801,-4.423254240762996,1.620121128197815,0.01770067887226367
73,-6.267396528511572,-1.3252069145152008,6.977566225910628,-0.6005278995631135,0.768919554563797
74,1.647134251141035,0.2634329207797982,-4.507447805067488,-1.2017696446521764,-0.6860642596306457
75,1.382425179383989,0.2700999713142804,1.6874312817726624,-2.7799150197759332,-0.5397505216195274
76,-1.5194394100972055,-2.0951402146928526,1.3656702283705184,4.016156109055853,0.3200516285457459
77,-0.2693237306784285,-2.662428564545831,3.8631123680644057,-2.307257045000713,-1.9441178039002727
78,1.5151357097033369,-2.163007594131887,4.344107518829019,-0.4928225884950321,0.9893817562546472
79,1.71064725389253,-1.8101708111853512,-4.767026015084762,2.9950136645983716,0.8041519877817229
80,1.6813847666890143,-0.018191938569447723,-5.132168127881717,4.585552420445171,-0.9121208334099793
81,2.2606528307356144,0.6512910941287928,-1.5387197235176162,-0.2534330873961285,0.9584603063852543
82,0.7387450398111921,1.035999482372931,-4.021392134625593,2.5491386505059097,-0.8230447068312088
83,1.1182066135403492,1.171815871270566,3.469550446243139,-1.7136826497436508,1.3571495545349277
84,-6.585091801028735,1.0760067018590245,-6.698198913403597,-2.274132988877764,0.255062426659301
85,0.5436446418604727,-2.5474521662100424,-0.3506245501088493,0.9509259820097752,0.6061903950932548
86,0.9018605977981028,1.6758730216073556,-4.963629438345282,-2.879330174386813,0.9736981376602909
87,-2.8775733442629168,0.9110816753566137,0.502002551439671,1.478607363990156,-0.2236748995504306
88,2.188055123195676,1.2132173376108772,-4.139610212738155,-1.5064998205059639,1.0986437176978707
89,-0.2183414823336957,0.7823729479430984,-4.124161799080326,1.9258017588314655,-0.6668351883209126
90,1.537205437698825,-1.464908659512289,-1.6875408870638062,2.6116431388099293,0.6020418437795023
91,-2.237354715265473,1.2512588916665546,1.0564838377599346,-1.776726361270565,0.5622047959629081
92,0.68431417109116,1.8265104718930105,-5.063394714393086,0.09572957024778599,-0.3179781094933179
93,2.5834320698721833,1.7752071361975403,-4.256106836065531,-1.3090975096908597,1.1965646456164483
94,1.7250377274631297,1.0078081692624439,-1.7875843453696862,-1.3320417223137688,-2.3680487453162358
95,1.5884751248244628,1.686426385725659,1.5568828758724897,-1.5576327830366454,0.8318627355054874
96,1.7965917167647723,1.5018187436761041,8.120226760858046,-3.1153163543969895,0.9112578922764353
97,1.0684382501593048,1.32137527670834,3.7043276659213467,-0.8568966426151445,-2.3132543991249768
98,-0.6129279168888125,1.788047354875649,9.128452218669997,3.019077788674946,0.6148858212938938
99,-1.931713938143028,1.028503183770984,-0.9089232490632186,-1.4124664894316121,0.9229764909230648
100,-1.8443933557794654,0.5908101663856752,-2.8831509727865683,-1.751882130702174,0.2764085621214631
101,-2.597939996796923,1.9144057798410588,-3.150979664100641,-1.3125601556087376,0.5780668096664064
102,0.15574825001921425,-2.273869733974859,-5.416491540225561,1.738712972733964,0.38200007427369215
103,-1.2620752843108423,1.3074127967042801,-5.2031871475810565,4.5527788196649785,0.4040982092578239
104,2.1273578039926546,-0.8793082666747327,1.975961611514489,2.592511495872798,0.635206584777806
105,-0.43705727042181347,1.5078781561585604,-4.776282738198072,5.042309344266571,-0.1764472775676817
106,2.6904809792226247,1.2689383558636966,1.9645578001527242,2.097935344844537,-0.2706085718931124
107,-4.392931585033181,-0.30767257185756786,0.2641636452514975,1.5176062405571658,1.124459856562565
108,2.3866933169909577,0.6841964035911803,-3.9710839293587763,4.154514419007366,0.8385703589125162
109,1.7543135477558947,1.987649368252825,-5.262012826050504,-1.5350817754652557,0.8688136906908785
110,0.6336528139546157,-3.7874379365582347,-4.89458031863522,-2.8715081696283113,0.728587265848589
111,0.24301289785423233,-1.4962824418678684,-4.134486624672718,4.5065293010715495,-0.6119812804852496
112,0.09660494204982707,1.4192265007158154,7.13019576061283,2.6946143362103614,0.23905958272494476
113,2.0269316107311677,-2.0928306391606384,-4.292002908930383,4.750490671890569,0.9163605159173288
114,-2.582836857226524,-0.9055080340279666,1.032398665827717,2.662729197340889,0.9253807060160157
115,-0.019827495903637516,1.2734366093560894,-0.3844617980857255,1.7833630101467557,0.8162262603700172
116,2.777151563770885,2.0089548431787505,-3.1473251502424797,1.236302347761269,0.834193641555304
117,2.0919953788288908,0.35558884787012296,2.163577627531267,3.1372654111073692,0.5128042624420125
118,0.4904575724180412,-2.7269834527860763,-1.608086310466156,3.9372215370081523,0.16506821221344586
119,-3.7555111789167572,-2.1626457499598226,3.3690827934868612,2.2813101533053617,-0.7169449421678096
120,1.2834475093701545,-3.0824715416703916,-5.676241733633932,-0.3860636859342277,-1.3497604896132724
121,1.2939729556735675,-0.20184906335370367,0.9827118494972626,-2.1103268908980444,1.1021204970991199
122,-3.6093309721381988,1.6023403576440818,-5.267173441845501,-1.7622048207324443,-1.9480338942190651
123,1.0633135953639263,1.2059983921948887,0.7731463364408822,-3.5438320023164485,-2.4621870279076292
124,-2.8508306485438677,-3.426732399675031,-5.068518457077839,0.33767583908714754,0.4650951730054196
125,1.0396599666105337,2.028076380332042,9.924745906144643,-1.2885669908345765,0.8533625896649168
126,-2.095832922471738,-5.284891609156846,7.568859654572569,-3.190941934864861,-0.8485240124438582
127,0.721515729445539,1.4388074839763636,4.613433847673277,-2.999457031812417,0.6348758146153243
128,2.2812635915999344,0.930439350356449,-4.023795768902145,-2.950474000675984,0.5216344457412972
129,0.7871265561067501,1.8649252398865392,-4.242905602917387,-0.5836881873221209,0.9204252761163025
130,-1.7924664364244876,-0.7340655647038082,-5.223284622689554,-2.5844341731501546,0.6641856204613295
131,-3.4760143154736807,-1.6637043535569431,3.882838909484396,0.1630672584805646,-1.4034908747510302
132,-0.4357748552115651,1.7968325416357147,6.538889069198478,-0.1764963090624695,-1.6371816371628822
133,2.5182899772649283,1.8441105249986693,-0.3450869858153975,4.380390790515449,-0.36374997893404865
134,1.3158256876743066,1.3963060600043333,0.8280022113626854,-2.9093238930075955,0.35898379492711285
135,1.6750228273545835,1.6145946986650037,9.351777977048789,4.181648667965638,0.852645992674797
136,1.305358772473858,1.7175502544263568,-0.17317692364284462,-1.56319982198847,1.181090940617378
137,2.3909499252210837,2.2397618254959366,7.927042720677769,2.4469995203705572,0.1834060053020709
138,-3.363376245552543,-2.5985008314897566,9.694296850011462,-0.24855509583839006,-0.1028500523352614
139,-5.544379886264233,0.39740976485383833,-4.773028026597705,-1.7167428663822129,-0.6672603093536229
140,-1.1186099231815594,-1.14411316630861,9.394790881858139,1.992992523800434,0.7304714343398726
141,2.191514045827591,-2.068247177604208,-4.108801906791694,2.3982953154672697,1.00887045129306
142,-0.020508750193372154,-2.5842792046740475,3.196713283313592,-0.01642609016772529,-1.6042340697139748
143,1.48185663207592,0.7866982295912716,4.334888953209609,4.706318985048176,0.7659351728282519
144,1.3583958132397447,2.041619089695468,-3.4491683427103785,3.719778341004471,-0.15576940240058457
145,-2.4279437049171073,-3.7304404432081286,-4.224949903148208,-3.9340626920956008,-1.0576546142457037
146,-4.343164206501623,1.0441208182321213,1.5080631002086171,-2.4105988945444246,1.146503964359734
147,1.6017797541727132,-4.018688545342355,-5.949717778126321,-1.7501176482402994,0.31057454635679316
148,0.05948330353463955,-3.4073646208931723,-4.8352287975097425,-2.475539235354547,-0.6776082807289331
149,-3.629979693075977,-1.9994447603674625,-5.751534154445504,-2.6517312430651105,-1.0855028382345608
150,-2.832017442696646,1.5090884577514192,-6.989624471105108,-2.458360633733428,0.37958332643354625
151,2.2812186881365033,-2.4045343167237174,-4.92246130348469,-1.6890220618390097,0.4937018347492093
152,2.001436008472976,-3.45489796500496,-3.348315791489968,-1.6209152099355504,1.2842201333491226
153,1.7835245864941147,0.43255119032141914,3.0155806740213835,4.379394905986255,-0.2229191201686975
154,0.8864445158899038,1.7077735143311903,-3.8618203391112886,-1.3983434364749745,-1.8316459886542444
155,2.1201091222116224,0.36725481667930765,-5.849648674258592,0.4153080475398094,0.596630176704634
156,2.4286790598706167,-0.11406740310455833,1.754642409108159,3.9643749526722525,1.4559731144374355
157,1.3037772818024576,-2.10476402789828,8.752594268298944,-2.4189250502373856,0.38977912953885036
158,0.3196744658347479,1.0151316086913773,2.8477562670594074,5.044245993271506,-1.0894106417936895
159,1.8519889823407312,1.5829327006704077,-5.509896695311181,-2.984137090048789,-0.05877102301416377
160,0.9077443269869009,1.53749633353023,10.083885163189569,1.1030145793033999,-1.8770614608456715
161,0.22467255311964865,-2.906636425339613,-5.828293467988167,0.4285155945943176,0.6865135033847264
162,1.1942668771152591,1.076364979584867,-5.476575204346357,-1.4131981711765176,-1.3985735790798095
163,2.558377431283626,1.909017328264919,-4.529309186683036,-2.4522508509586083,0.37929857543298456
164,2.171505496952236,1.662627720371983,-1.7344438050881674,-1.1468719600484167,-1.1792343977625774
165,1.0120233011476132,-1.4685219276940717,8.050520314794696,-2.721492617322433,0.436028627585811
166,0.954351067352884,-2.615045191326114,1.783272842481914,-2.8154815804565927,-0.4727144458039342
167,2.8221633114962503,2.1805853495530885,-0.2807100124313334,3.584627918358592,1.187558186632799
168,-5.889382075399728,-0.5309606193825177,-4.502638826327546,2.4895828656782824,-0.466125978589876
169,-1.7781127406426849,-1.8111878690817578,1.1030453922512897,-1.8123353606768513,0.6358319995314659
170,-1.6649699494928232,-3.041509380750915,-6.371775444541978,-2.0334250477757343,0.7286289078021609
171,-2.6907459864849153,1.42969778323388,-4.820518422280882,2.7566643126503574,-0.4160792289113629
172,1.997676034919268,-2.251425944276691,-4.64396537009786,2.3983757986616907,0.67017022224602
173,2.1802866018967246,-4.057000885291934,-5.391991518881029,-1.9395787741971455,0.7908648872592562
174,2.4553515683752782,2.119627039057049,-3.7532574439652153,-2.8667769810566885,0.7982470153908824
175,2.0555931392615197,1.7611111829830057,-4.905719366272756,-0.5871743881830219,-1.0589317972544714
176,1.5457823288445662,1.4471643207739244,-2.9425611517636923,-1.7323893281654148,-0.8077073955110212
177,-3.36556271859666,1.007676610264891,1.0044384951696546,-1.9628161272404243,-0.6306601248103901
178,-3.069532436972889,1.34491512495979,-4.152617272668575,3.50624847977042,0.5217424910005891
179,-0.41106690670472784,2.347864288861119,-3.640740463783173,-1.7258823570546864,-0.031584510154631845
180,0.7278465119966369,-4.19975382923642,-5.192672370573504,-1.886623897804658,0.6981618955000882
181,1.6932777045920897,-2.3827398650688227,1.834635431928085,2.91667456217676,0.42610963686882886
182,2.3447350511929255,1.343328945335179,0.5417889987651011,3.522971904177984,0.09420219612375284
183,-2.25990017790251,-0.6908180505963338,-7.084450492494038,-2.831900370047021,0.4838692428281677
184,1.9841888161910775,0.2826416809521884,-4.508794124296522,-3.769135708574821,0.61859449919473
185,1.004086692891547,-2.149139518208501,6.010410681577353,-2.487075627530358,1.7775985931922635
186,0.12097102696343864,-4.109854965211227,-6.542351966616049,-3.463752082470188,-0.09721969589586979
187,-0.5977147486729061,-1.1731680569543066,-5.402001031888664,-2.1771731524234395,-1.3440137074967118
188,2.2542616966563225,2.422987420660139,10.039521485326864,-1.2236663809715425,1.2532235401463985
189,-1.632918580827712,1.3082201855032562,-3.7651143142983936,0.035097902910875,-0.27645704626668
190,0.23670707992958345,0.8759584110438123,-1.0939419390984022,-2.8244461847960896,-0.48752044316216137
191,1.8169747700642644,1.9694213779946794,-4.576119961755537,3.3733212647365347,0.8582808414593036
192,-2.3835788649822987,0.9208776253035296,2.791490443034415,0.40206073578824814,1.1734876848361202
193,0.4607450802848578,-1.411632799187894,2.004921424902038,-2.3480608410955326,-0.12070166347931942
194,-1.6535524385229927,1.5569458513083796,-5.031402183962611,-2.4158678977841066,-0.34581384224715456
195,1.4937383381043803,-1.915887106473996,4.123631358950833,2.960592438148927,0.4786071306367847
196,0.21051718656063262,0.029681218554928477,-4.912396253737664,-1.7596165917717819,0.41999471569971114
197,2.4624652951445323,1.4892865254345833,-0.3126920634468532,-1.5765821641374775,1.1616394541511788
198,1.5079106413092243,0.8066156626484584,-1.3239193902982853,-1.6731337857899473,-2.46364254606549
199,-3.193298902089579,0.49739953926035874,-6.88593086758427,-4.0379298184329935,-0.11855867749511374
200,-2.7484853666570643,0.7249658448607607,8.546097217196168,2.313752468873205,0.6095832504339777
201,1.605378085720484,-1.2478727134378342,1.603224965162879,-0.24550878822844668,1.2897615969869187
202,2.798849261832751,1.6719751709880326,3.5694678926609194,7.759164081829539,-0.41067402348584214
203,-2.3738847047098695,1.4483308338977934,-4.767845850810196,0.04476115045477629,-1.320815461919066
204,1.8038290886002921,1.743379641670622,9.183674725376882,-0.9634058611147464,0.9589572820528618
205,0.9671800781328234,-0.5408796664805011,-6.875196801835149,3.173054446815807,-2.041321650547938
206,-1.3083568330992463,1.2500162119726292,-6.3657050835301945,-0.8917419624039283,0.943366274735174
207,2.3218151670489844,1.0239951574241055,0.35906875055981,0.19108318591151383,0.7354725488213029
208,-2.4645568061038126,0.8003690727831516,-4.897211178196744,-1.3085415178133686,0.6155155022428908
209,1.3435404427543896,-3.5540777018610084,-0.7718942846841247,-3.2842057087445213,0.5101611807721328
210,1.0205906812895138,2.1483467881768656,-3.459074751009219,3.2010443038970866,0.03651501721885293
211,1.7966060396786698,0.09727691861720127,0.4594755672107826,-2.7284006632615814,0.4425053018858864
212,-0.13640354174636635,0.7704620868117301,8.723267181725882,2.460582965664498,0.030407468159256733
213,2.781818985843718,2.464245006629439,0.7737793991027917,-1.103031516987041,0.6988910957592789
214,0.883611601714757,1.2378415530244444,-5.2917218553297705,3.312723813146159,-0.6001012241181041
215,1.7393849498156695,-0.8288329681690665,0.0261741829833962,-1.947690943256603,1.1651277803526445
216,-5.3746684920783085,1.3511999798428904,-4.476503515804425,-1.8893217912611073,-0.5640425818492331
217,-3.83029156157859,-4.11630344759063,-6.556648624275701,-3.8724608542964947,-0.15898292875984357
218,0.971227382538603,0.5611392757249717,-4.170513345755894,-3.7801483266400275,-1.4319027322208167
219,2.6127201699329237,0.8174480724188219,-4.572350642091478,-1.081834948985144,0.37784026721849734
220,2.3063788751263847,1.4697508218566777,-0.8860528078431685,-2.6334246502581173,0.3028056549659006
221,0.9869706776888437,1.9707329259918127,7.535230261693554,-3.2732949526467086,-0.811696597838244
222,-3.9873735770817116,0.9701225329734874,0.8855467255145352,-2.3783622825449524,-1.0443857428335699
223,2.2421250390179286,1.0155330723402807,5.768735851944204,5.5837263043897565,-0.6853520672758262
224,0.3773821858622695,1.978704943869729,9.334677640748103,3.3981090881850555,-0.3212156954285579
225,1.577124745940538,-0.5868603538438535,-1.4898850186587926,-3.0322202530152667,-2.023673252088106
226,-2.4163498061838444,1.3597122360783738,-4.1084144463062335,2.6973704427050413,1.2998169507529185
227,0.9449825669928031,1.548635319555643,11.022096155399003,1.4363795109190354,-0.26662712280851547
228,3.37248599736459,2.249034394338967,-3.274589597212252,1.5144010696748982,1.5270068178534646
229,0.5311576347078695,-2.98418074513889,2.2118815987874774,-2.6867235266363414,0.3448400173103427
230,-4.982386386794311,0.36202154939585146,7.027229295301835,-1.4590898947222246,0.9184812305368828
231,-3.079337265112567,-4.7822183631150015,8.176512951595084,0.053971698683399225,0.2808584089346059
232,2.2580561302368123,1.521531921832923,2.199582224203423,4.733952218345918,-0.0059540052938338375
233,1.639628967089377,2.205962928404991,11.05862672343176,-0.36737971447479034,1.4405093886193245
234,1.8194462758459586,-4.305401341922409,-6.461322897929123,-3.5277092458874537,-2.1034505789050937
235,1.9468647016342817,0.5799138163069203,-1.312249015345897,-0.7971869686738172,-0.4976426109482831
236,1.8994374137767625,-1.5497251760608304,0.2349787949110402,-2.0104144653522265,-0.8109592711153489
237,-0.6425893479631523,0.9005614582852525,-4.5354742212921915,-1.2574861165760838,-0.6201729058844399
238,0.1023163481764972,-1.5254402092651773,-4.983719129996577,5.217888872167995,0.1680571467463768
239,-0.9672863065242677,-4.415725518245068,-6.872159356420299,-2.564446458863512,0.20785445713273498
240,1.8431560545950014,-0.708996695696036,4.238664718160149,-2.3520683669682976,-0.7784605354732247
241,0.9937794340673455,-4.38187502620915,-4.568837228347736,-3.0553983032195426,-1.1799642179749437
242,-4.645944832115808,-1.6266033949560732,-6.261746397489492,-3.058876439276261,-0.9959792926483383
243,0.2832674779646272,2.1418250930258442,9.550476187744097,0.15110078817243625,1.0028360842184902
244,1.523679098353489,-3.39087012633453,-4.332925155946611,-1.0103900416080298,0.917168719496157
245,-2.476391297769996,2.14294813964212,-5.232773692596334,-2.775931117403415,0.06356765960289859
246,-3.9447090271375105,-2.6986582099475025,-4.278142162509287,-0.43811660064901475,0.3251957820704705
247,2.168134237585004,1.9956156705675154,-5.086568833812209,-2.4523051427870186,-0.06427856520099363
248,-5.00532885999898,-2.149784283367698,-0.9855125505612204,-3.0171149084562687,-0.6530908096008053
249,0.983387417698989,1.1630896000438984,2.5512603476209317,-2.5518069559201573,1.2495958051325051
250,1.945690017017905,2.3186496208831406,8.858106916038372,-1.9241324380691294,1.4429631425652538
251,0.5621975935285991,-1.4115606192220425,6.927142144428251,1.6323373377846315,0.31537408899367814
252,1.5683005733605873,-2.955919548091184,-1.3749661109911486,-2.3479105978515005,-2.3868832163533282
253,1.5587410997471707,-3.835479360295079,-4.324270743741814,0.33756535942422566,-1.602351054326021
254,-4.577224583061417,1.4300155905467915,-5.041637477211209,5.660978001041051,0.2924452151020338
255,1.9459904451101344,-0.5557802874922569,10.812438659848075,1.0622620345476723,1.0977547313805804
256,0.08856381241565668,0.625518724690834,-6.011335963746832,-2.052523086754119,-1.6379920108265804
257,1.8777817463891102,2.1959582368116335,7.655852742163981,-0.9004302844758867,-0.573614498440993
258,2.0046123629202914,2.149280410844315,-4.340788625748427,4.537491320659236,-0.043384441543617244
259,-4.6701794462780795,0.5202685179567629,3.3014613535168906,-0.9370942318560566,-1.7929814948571416
260,1.6546072732272432,2.32029270782425,11.250875179060442,5.800698726085599,0.24301612423062174
261,2.3379379007956658,1.2126092942202416,5.396264970385274,2.93305935231143,1.6562372390983957
262,-0.008975510371306323,1.4181932971007019,-3.9265549463832845,3.3795678930985518,1.0441963167825679
263,-0.3393881586545133,0.4964883845741773,-5.464621250589289,1.4274513456656963,-2.6810627232980897
264,2.78346860878379,-1.8108786953544782,-4.139608048757327,-0.059776200586319404,1.3653804183835632
265,0.47128637704710535,0.5274039168753001,3.5896046692447605,-3.4506176025809667,0.16610286691837167
266,0.4230494525465401,0.11756179871202994,-4.825512788551544,0.17493888403455693,0.11713481767701679
267,2.403022493361799,0.6074507016735099,-5.017249153037928,-1.3056852490319906,-1.5810091433150986
268,-1.80190805998395,-2.984210885410663,-4.39071690011748,-0.9547442223585988,-0.4695375811657759
269,2.925140936086371,2.23612987206824,0.3461999568171027,-0.5122581107684758,1.2863085432579031
270,2.2965329138616517,1.3140210190650221,-4.247754730852166,3.5801669744606195,-1.3978669760716225
271,-4.543014428542232,-0.436415774112455,2.0947000110274225,-0.7367106785663998,-0.1115601241202177
272,0.814893951109554,-3.8590761715999515,-4.896874901158522,-0.7853698534089416,-0.5187258767083689
273,2.364978220575278,1.8597340504033126,-4.6364027324679205,2.189550199060978,0.9886852444131637
274,-4.223974380297091,0.4121198346649946,-4.662817565465505,1.2765528904382892,-0.5266065155696178
275,1.620892269598479,-2.444103995720333,-1.3429320846640536,4.1098528713264795,0.44183734272553754
276,2.122364052484842,0.13808236733888216,-5.722698691602109,-2.8020941315787176,0.8988456566079446
277,2.463569543717813,2.2498506933090776,-4.0636465617797155,-1.730316426144904,1.129623781724846
278,2.401047794750999,-3.2534195227397116,-5.052692859235047,-3.3789084276689394,-0.5002322589322149
279,2.251024556015559,1.9745657988979828,-2.4706104417726005,-1.8171718319259123,-0.10645951768497154
280,1.852621618146267,-5.2102810275435045,-5.436058301206865,-0.1354833521868094,0.3777291600044569
281,2.1335534122156066,0.3948374422920346,2.650990687085334,0.8582361242964928,-0.1189261139571961
282,-1.9136609534375062,1.2286145118308258,-3.996377473255,3.181608222742722,1.0807243159629483
283,-3.767112039556771,-0.7487057445642552,3.1366818632540223,-2.1443617549734117,-1.3469822499133346
284,-1.8881258517194133,-1.409171113584405,-2.6638500507246863,3.442939743610014,-0.6570945194372809
285,1.7911547134538428,1.4467658479131233,2.3255969489869766,-0.818323800723035,-0.5214849128408642
286,0.10557404875407245,1.7368908606072506,-4.6020843883026386,-1.9751218294804822,-0.49056276951395894
287,1.9716489932318648,-3.1209912224347227,-3.974454612963575,-2.0156457867784736,-0.04660857147361692
288,1.093412971273792,-1.2263456875600462,9.650107391204848,-3.0740568883629806,0.4170008376894932
289,0.9364819686420032,0.49467945209368536,1.2404178084421382,2.2400095078079687,-0.530138428569566
290,2.6311726262549926,2.2510797497236665,-4.344816192443217,-2.7622673776713045,0.8183792860198474
291,-5.449361106549845,-2.80578703146566,-1.0692768729791915,-1.2951754270394424,0.2611962615913264
292,1.5051599267770697,1.265219208115776,0.9949067354871078,-3.3331018813499025,-2.1658550820891507
293,2.0704442185868075,0.9420286649666455,1.1316857463009298,-0.6594019614784684,-0.4687293290332296
294,2.138017630909005,-2.2147295844389174,-3.3502172080576016,4.003671264578008,0.6826471235941228
295,-1.823326910283509,1.5764404814951365,2.129698208250591,-0.6954456577227502,0.7261746188795897
296,2.2145359484872493,1.5904673550387571,-1.6396810116931213,1.370024729650556,0.7452740893279364
297,-2.282263326129251,1.9261492713576707,10.92336235420036,-2.3865829503194758,0.9681898853012632
298,2.8464652875558887,2.0301205758654475,-5.842180901701489,-1.0721055228725187,1.0488726385781115
299,0.6751135680917054,-0.3963932287896792,0.06853775860736167,1.3055577578336164,-0.6890376754276745
300,1.553382023912891,0.7120330953309871,-1.3282473267650736,-3.0935276777348677,0.653315521422128
301,1.022383580060914,2.2279971468557527,9.835234338259534,2.0686178797646697,0.9998975130740303
302,-0.15996530739416534,1.8674889981501461,4.453831554473054,-1.9373589902243977,-0.3555040552636358
303,1.0387841398939883,-3.2980183504473075,7.67927116414394,-3.1768167025799885,-1.8618537744477648
304,-4.045330035223276,1.5865587293515078,-5.215784082855321,-0.6482394736837058,0.6760490192393495
305,0.9183147377528095,2.2467421552672775,0.6355411004500466,-1.181702714984004,1.0708556798148814
306,-1.151714967111205,-4.418467491457681,-7.939745867173346,-4.146523168288428,-1.7663163358576792
307,2.3750005072103697,2.895058997353912,10.76092170185415,-1.6711538045289613,1.7677527603790735
308,2.326600869148597,1.619288452047734,-2.454971692924406,3.228759815836347,-1.4299730183445793
309,2.2837417612751887,1.6432485338037595,-4.028522411080141,2.0523599418438265,0.5742533044600767
310,-3.9037522447840045,-0.07890819168976974,-4.650598502738141,-2.5086264350396132,0.06988457046815565
311,-2.1786948127489643,1.3951623543073701,-1.2853193563223493,2.0337392891666397,-1.0292581895081536
312,1.8621606778367887,0.778854534980664,0.11449387422740584,-1.9228292590742428,1.0517646015006743
313,0.6109024051884226,0.5852901940058154,1.0890725612157803,3.257085575828994,1.3996826642699287
314,-1.0071959626758145,-2.124118900094691,0.11284185273097201,2.4093892249071875,-0.43405714259898875
315,-2.2091084451601986,1.3217430519539475,10.186595857117808,-2.4150703098728252,0.23519885332418908
316,1.9263014589001461,-1.2115370798912892,0.6017597683757562,-1.8941270728964599,-1.0945342376819973
317,1.1957018498565797,-0.47809507531052753,-5.286948049839644,0.5164741605365363,0.8700986562650898
318,1.091740769851457,1.788932283024396,-5.804819500266064,-2.7156921318170917,-0.5248084720534081
319,0.49263437297798596,-0.5164034494191383,1.6001256231489682,2.6452262802811326,0.8502325069808765
320,-4.875105818277834,1.0047013050534364,-4.888533141877704,1.0912091614697914,0.44177764574088707
321,1.7770749172165712,0.6215604156686837,-4.450158002184637,-1.0507394729495834,-1.4162361153101455
322,3.3059868417439575,2.893159530565733,-3.098557494556027,-1.0109613761655702,1.5760954943979113
323,0.38486766960252106,0.6293737644904719,-4.384574971764746,-2.4154117516567437,0.7016247751107012
324,-4.696584164376611,-2.8170493198315865,7.957456180524994,-1.1402665393364342,0.5135264129299092
325,-3.7128220090231667,1.0666482635450882,-4.181887476210685,2.179129743223073,-0.033674185079757904
326,1.6366525374887706,1.023884563862866,3.080384072377796,-2.9554144706126206,-0.6979420312432636
327,1.811045014472039,-1.0687960221296786,2.283447349754489,-0.5245165119051451,-1.5362095659304247
328,2.231294855270861,1.5217020092614892,-1.644293349375438,-0.4260878384077489,-1.1905282128665777
329,-1.544420774258642,-0.9161843832450405,10.362984612038279,2.3820451229787185,0.5161775665561468
330,1.2231713398621284,-4.556039740082643,7.6783047496642745,-3.346941343000549,-0.8429928687862196
331,0.7970901603856109,1.1951419560134102,2.4844521576849914,-1.9227959784499034,-0.5656140472821537
332,1.47943882985032,-3.226971534769576,0.920440051703661,-3.1292357012232714,0.9305233069509307
333,1.812469033799017,1.656396355920809,2.955666027771404,-3.3880500908927336,0.8748679152219525
334,-3.5768242323929353,-2.962209063625416,6.814672929784579,3.619382073942487,0.21090159572712422
335,2.1746576266039512,-1.9977002815576532,2.7861770704444164,2.0208913141436144,-0.28462259277743257
336,-2.7710484847118417,-0.2075139926867219,-3.8283296892130294,1.6995449048666469,-0.678579744410732
337,2.207585851019073,0.643658868179992,-5.510052090879057,-2.891143868867792,-0.6999252564738149
338,1.8042404610326204,1.7265253677801917,2.275837817428666,-0.27751110276186985,-0.4620026808401748
339,-0.2669556645519508,2.0669517577918652,9.2148437032779,-2.7744330559963784,-0.16483802924152494
340,0.9523379248064678,-3.1100911380784506,9.373498854794068,0.5670978947940521,0.7713036974708652
341,1.3803549746242614,1.9775380935249678,1.3034947785317734,-2.120323644809369,0.3459933204921807
342,1.0546141920217622,1.9697528283450008,8.17072830622782,-1.6028886242398386,-0.8032897515010932
343,2.369009111402942,1.6790309176383527,-1.2273056058176386,1.726154651029123,-0.819366098352668
344,2.0010256531710953,0.2797922042719936,0.21864642905799397,3.59790172107095,-0.2216864520314437
345,-2.896474524170494,-3.1264438165112605,-4.2468107927565875,-1.7131405351120892,-0.7803005667123587
346,1.5982211464237845,-3.6333930335807856,-4.310708719014065,-0.5347586006204741,-0.41766794449451383
347,-2.856912409296157,1.4349096454556742,-3.7764700659976107,1.6014915471442284,-0.45450552760704027
348,-1.0795487629724108,0.33483362680652784,-4.781100988968333,-1.8847555151200166,-0.7201766405620144
349,-1.4955553618781723,-4.029370442535748,-6.319165876456587,-3.6468794982028627,0.6655577880173221
350,-0.2375127614343337,0.19120306489445155,-4.924455101173607,3.784656799406035,0.16550979499612856
351,2.3254762327133793,1.407797484435479,1.3679155272195538,3.8320843737104746,0.9807098956825843
352,-2.5062388721930655,0.8313574028154115,-5.074498298848196,3.421963745386582,0.8056197808693945
353,1.0778019906213712,-4.33309862977948,-5.1493117990861155,-2.2924094100112464,-0.25526066393466695
354,-0.3174922953185196,0.0757887922167089,-6.070746286943292,-1.5468495742812205,-1.3287498217688134
355,2.678821075501215,2.230595529096099,7.453572718240904,2.128173442669161,1.245725513675361
356,2.128870443137778,2.2143489963961853,-2.868092206177194,3.3987673914963925,0.9585311365390908
357,0.22345359877255422,0.4585750961957202,3.7866044630073117,3.1665271375516677,-0.25485663766618644
358,-0.4960356065503293,1.9743526701916085,-5.9759298274598125,-1.1352176386663542,-0.15837643819062516
359,1.4318309411755867,1.1561418698236134,-5.138582337414135,-1.7340040880864227,-2.0782796416979137
360,2.1022496416329113,1.64789477649588,2.6717993985358235,2.2036606036032818,0.9973591730525906
361,-4.275326622976566,-3.2040093196373314,-5.16319159183595,0.2477622876206559,-0.8568131926540247
362,1.1277416002550067,2.0130013972663665,8.957817648547415,-1.8333439296229204,1.0278665666491102
363,2.634262189724669,2.4102321233348305,-4.118274204411863,-1.3812471443623242,1.4188711403896488
364,2.9852621656392344,1.449564691046316,-4.081605270099001,1.7529335026503203,0.2280300991031209
365,-4.629220573237668,-2.389867990427505,0.722650273851676,1.2363927194783204,-0.8561716512227577
366,-1.8156653884446787,-2.202381845386414,3.8607946683549175,-2.6100259918115265,0.8387628449998348
367,-1.259290935551677,1.509805531797475,-5.105269414988517,3.661423186282451,0.5904686486908463
368,1.6838046569620915,1.5165952547581367,3.35280275750225,-0.5977194780186518,1.5150054628984482
369,-1.4593229077814518,0.5434967978270494,5.745195259460654,1.7440704484782998,-1.815951916241953
370,-3.6167442521454145,1.9063972729262224,-3.799126396192833,-1.222304547176051,0.6474184570124433
371,-3.118460258214413,0.21456699333677395,-2.5837433479253495,-0.9966548634870155,-2.607085248216161
372,-2.801842372217223,1.2119104312421607,-0.2463650682470677,4.598504645276882,-1.6817557521667648
373,0.34365567441770817,0.7236239929386633,2.4341750916485485,-0.34433262463627134,-0.10280139928734167
374,-3.730013308209459,-2.2071211817007916,3.8045646608518404,-0.7332219234788685,0.5296016666340717
375,-3.952190751103111,-3.8076541550707894,7.145094401657334,-2.62375897732426,-0.2981482594890181
376,-0.3321824921424841,1.996205264632446,6.924573647902574,-1.4484408429658557,-1.7944239188112685
377,1.4961355911019127,-2.7136550821135064,8.743808791115919,-2.438397103971606,-1.181667539103246
378,-3.749261798877196,-0.41913296167996456,2.9020901549851787,3.2107641679882426,0.5936204317537648
379,1.1964549126248085,-2.4133734409719643,3.4459839281776494,-3.7359293090426666,0.424955111255607
380,1.9086641555504908,-1.4031184286249068,6.3355619438093305,-0.5704780878307347,-0.9526188598383736
381,-2.02971498088073,-1.1164633117428218,2.8655261165174077,4.484635954442646,0.6022023002534854
382,-5.595646050730344,-1.2481131478352137,-1.8082642467169165,-0.406828375550645,-0.8143127791129144
383,0.3404645540305644,0.09150114248836021,-4.776494034812858,-2.7214452259772184,0.24627048943550958
384,-0.5854270994326777,0.23783421590579062,-3.7832159265264824,-1.8095272468857693,-0.9944409412609362
385,-2.7830234491972092,-0.7284344888663744,2.0164244807720744,1.3715781136196867,-1.031100153474455
386,-1.221769352846809,-0.45845287851049443,0.13147148282154725,-1.1861946449790586,-1.952416873054979
387,1.866643749721667,-2.5636007713045403,9.520015494183623,0.03537741354085718,1.0844511144360365
388,1.6884704351993454,0.09725254587859185,4.891345887873161,5.862867966236702,0.15224279869619764
389,-4.284543303726214,0.9986421740299103,1.8886982733844568,2.904027731553377,1.1313938226556937
390,1.8314392935266057,-3.0296568567759357,-0.6075877547737069,-1.010215670704001,-1.3480375841958205
391,-3.6543553023472777,-2.0119883193541592,0.8206985020907048,2.077883578052403,0.6551060090600734
392,1.995477477143921,-3.202055330244853,-5.18019562885308,-3.2607456553508403,0.849374413032185
393,2.0462637744750536,1.9550763461824394,2.3779159240746464,0.22036021573674805,1.7521912007898401
394,-2.2530579593867324,1.2037157009414965,-4.536117425067634,3.9168868296279458,-1.400211032588593
395,2.06311926126034,-0.8665371911427463,1.7827334754149065,0.1812489020009457,1.3691621623092352
396,1.2114571766457674,1.6407688983969282,7.772329677893578,7.388194321911306,1.9679379498265324
397,-1.0425307760396767,0.5329814691400584,1.2715284477999742,-3.0564000594867884,-0.9879909172226614
398,1.666838133949075,1.0480893051171942,7.4845414632401015,-1.4850575496031668,0.7846948197706771
399,0.7961244758816678,0.8257785441113393,4.410022939204956,-0.4247710599348468,0.4114178926452181
400,3.183200532377481,1.9478647529109832,-4.556184082835383,-2.377285123064076,1.1967925036244649
401,2.3063632147266087,0.9916770528169805,1.8245793301565898,0.5100410512131399,0.4837988608097319
402,-0.02263345069427792,-0.1561935568205273,-5.060487060778422,0.17762477499033671,0.7531936546610402
403,1.0484443553478353,-1.9730871011117466,-1.462751767599234,3.396606925672073,-1.744520309027206
404,1.6200633793098058,1.6674535723837538,-1.6830874703464984,-1.843861636087564,0.8247381809342702
405,1.866957005377518,1.79727023902233,-5.631513795065853,-1.8952417051029191,0.5933971588419372
406,-4.662761111834486,1.0364563768085904,3.0228871096381895,0.828984575972346,0.7911712645863153
407,-3.704069684435635,-0.8204869395988463,2.7497263657088564,2.276453477670676,0.9567917449976582
408,-1.4730875074776804,0.2996020599804815,-4.876767324182462,-0.02358626993769092,-1.2030316567502222
409,-1.3680450016063344,-0.0802448897639307,-1.5699479826960925,2.756264265861317,-0.3733772358523093
410,-1.972776313860988,-1.5293982441752019,9.640509354217286,3.003247218714679,0.9940839257183499
411,0.6778551636855432,0.10217228590514243,-4.610458130926712,0.47020364720653884,0.718614409846243
412,1.8742045135384617,-2.38843490301224,3.066563496706458,-0.5805669754421091,-0.4990147250925816
413,1.4750433847698605,-1.238310574195051,1.8014543274685153,2.3071567405900426,0.49023600265645356
414,2.1210828334917995,2.6226973650705765,11.739510811695446,0.7457433329514881,-0.04697990285282979
415,-6.761344994775016,-3.975302375595245,-7.4712989671377725,-4.128527389360988,0.23514015284673614
416,1.6947638633036946,0.4254809951425162,-4.427538962304344,2.1112876741507294,0.7651582508943663
417,0.10590655075460048,1.6457605158669946,-2.4869537257507353,-1.6238790168841006,0.17675387485124963
418,1.5582284383785585,-0.18110429504347764,-4.366839817829199,2.524841781007147,-1.2704944168669672
419,2.4926880663085464,0.5731324085611316,-4.747626605165604,0.05860255891417519,1.0441274393708448
420,-1.184277405539158,1.652128028313497,2.7411345142242247,-0.18703719447901765,1.5567771472524574
421,2.282036249322325,1.7770537336485412,9.948920854145301,0.5897214058769431,1.17201011827037
422,2.0623284562920476,0.6826920537632127,9.700516046385966,4.541267581034612,0.7082608652205155
423,-3.076543989955456,-1.0845781636298717,4.605329960835802,-2.6474125991229283,-1.6290664913520887
424,-3.9264278906782883,-1.6500835431503156,4.233885762349053,-2.274025199395761,-1.041191651726867
425,0.11154312928469892,0.9004362047031522,10.994025684751536,-1.4972314319824325,-1.8144188691345227
426,1.870161152502293,-2.6609546906089405,-4.402613909916278,-2.165504221226087,0.8167221919126596
427,1.447322872381536,1.5412930400698635,10.481079880892597,0.11828455548143446,-0.5366349942810699
428,1.797376706287155,-1.6831045505313103,0.9644096978185857,-2.747010042022777,0.3812918783548539
429,1.1066832065142365,2.0196445866851116,8.712493997894436,-2.570181373151755,-1.3205976446869634
430,1.0293422618973547,-0.3853890445015877,0.7373259491319457,-3.399867900020532,0.5509326391523925
431,1.3502075359066623,0.13589109577394365,11.190436146545691,0.4959275148595485,0.6681460656047156
432,0.5722157942359334,-2.1655566256674588,-1.7844247543599692,-2.4697277798508326,0.24554046916165762
433,2.345646393804218,2.465551737583926,10.508047341848675,1.3741876132954958,0.3040481191516659
434,1.0217787296212852,-2.0830656325602996,7.086539524810321,-2.587043293234198,-1.9623204599121131
435,1.6190227938736825,-3.8885304055982672,-5.010713747132967,4.266520133129578,0.3492621829873978
436,2.1782100867975016,-1.0246136230952652,9.26097275481535,1.626550129856537,1.1824431330914504
437,1.6211595515583606,-3.838298886675137,7.581173405902424,-2.9258269773477457,-0.7622792021328725
438,1.5661733458414513,-3.272871683447352,-3.4615629120409,-1.9751761156526144,-1.5958176253111092
439,0.5564890034151326,0.9036993274494413,-4.270050907149216,-2.805403780864482,-2.129476620275746
440,2.0689794552970096,1.681341793861386,9.482568220369874,1.9963837600371377,0.7689958551985797
441,-1.111968953481565,0.6527814748003654,0.6501455980094628,2.1529990866641486,-1.098348700279078
442,-7.624854806958798,0.9013310449165994,-6.934962363207598,-4.330247198703866,-1.7618668716624521
443,-1.2059760198918863,0.2699093207420053,-5.759126960628136,-3.347514517633362,0.5226315632223602
444,-0.6509496831242064,1.5463701193386412,-4.763465618895461,-3.054876775531215,-1.494031131102739
445,2.2618387862359146,0.28766177973595025,-5.04683247927337,-0.06802646446374293,0.9467811832912228
446,1.7636117551480934,2.164889857214783,9.640140531252165,-1.834186459049446,-1.532069037692438
447,1.2659003066277354,-2.315008859795819,-4.27875160879682,2.715225870618999,0.9168779855399425
448,-2.646771180186647,-2.0048936346366326,-3.1893363986501337,2.29772111285298,0.08818016026815607
449,1.9001705399223296,-0.7307777343579122,7.94725676829459,-2.2224697707373187,1.1909845986265681
450,1.607067273078171,0.36138925209895423,-4.960137809681386,1.0907846343447853,0.9826052030321888
451,-3.780386880889478,-4.683067634572774,-6.204766733780735,-4.243307433717287,0.5522411386152426
452,1.9577196984880396,-0.2230950422880969,8.67359884742867,0.11940922918063754,0.9545999516917328
453,1.9847287536470002,1.8813345018216052,-4.32674641741323,3.2135176352181833,-1.2307973993430819
454,-0.24764490396409844,-3.9338397336075577,7.5592989672280035,1.8331586878987514,0.5197221557365427
455,1.170394827272892,1.8174643671308788,8.517355244335326,-2.367965971541036,0.9244129031765537
456,1.183683409355931,2.1089469260712925,8.421067791206953,2.328387701709137,1.327092682142209
457,2.2839788255520013,1.8473033551808375,-3.876692602586996,4.096408300926609,-1.2522415905996855
458,2.917231604939773,2.1499039646072284,-5.075596627775581,-2.0349739622805543,0.5159915315280391
459,2.8762096465483746,2.4789405191763554,-2.304112162423152,0.13391645762852464,-0.7172752013431244
460,1.5076956223722486,-0.8660851672224361,5.507689578473613,-2.9372571604503777,-0.7707190043448704
461,1.8994510303115468,0.6875885625963597,-4.71927299340312,2.9147605960240455,-0.6074569436333275
462,1.5028768519041644,1.2338460811984953,3.2435178464639027,-1.9778039924950328,-0.06840930801729048
463,-3.607621568692501,1.424141990876985,0.02935479639560029,0.6091792156871576,-1.2029319486075234
464,1.4547363119261223,0.8498628797407904,0.8371560656552649,-0.47867097335122377,0.7187467831106683
465,2.4202262058119453,2.2188922842593546,-5.328392536968688,-1.8870469017263671,-1.6143926097899832
466,2.0019794143994107,0.2586219293646343,2.6077539213147407,3.351474151817687,0.42194221306094554
467,-5.444063204322289,-1.1865017753725418,-1.2341766168008554,1.2047295467121348,-2.0326486817132325
468,2.254768196549028,2.067062629283685,-4.616785325356835,3.162113299715127,1.0061799506735474
469,1.7947841681893484,1.282640914338716,6.998949586205933,-2.8600886377004757,-0.013884939736265036
470,-0.20571889107525432,0.6409227988283794,-2.1793320875368116,-0.672737062037839,-2.1910118825186213
471,1.0536056734073385,-2.4855820200515697,0.11560160347099914,2.4135000610610717,-1.2523454489711585
472,-5.929315056684004,0.7344204932207711,4.981631533958488,1.4238003208936576,0.6629135409537978
473,2.3620381319467594,1.9773831115438234,-1.0344266885276328,3.3330347445588884,-1.2713183947534052
474,1.5936626966383602,2.1934491227222668,-4.34170447809669,5.265541013866988,0.2967617557110446
475,-3.2223355075935536,1.7305342077251804,7.297331411527373,-1.0892439146370827,0.38968370764456944
476,1.6943909855105739,-1.9103117360219803,-4.564334489520315,3.42028459794478,0.7372583917220673
477,-4.435849090114244,1.0597918696677353,7.874389094649362,-2.1123698232283488,1.0563575290030616
478,-3.3778102444325144,0.6127894953338036,-3.999998362855082,-2.6142905544417143,0.7198063725094191
479,1.3467654894541452,-0.0035246653168943113,3.1476925652301437,2.093991961023921,0.8902686293981025
480,1.9101156137978874,2.1646535019137283,-0.6183076133127988,-1.5387028462334302,0.5369003288108625
481,-3.526667519415674,-2.3478032775237447,-3.740918829723856,-3.296999745196829,-0.8530954301754342
482,2.9122762631713597,1.8793375539463817,-3.9320171209820387,-0.2664290276489131,0.9430966443558889
483,-5.622209399730244,-1.171839092777801,-5.042888033634669,2.83735236928213,0.46713427279445907
484,0.46178605659144656,-1.737922072736475,-4.591234022031791,-2.207895736702122,-0.4856327507779123
485,2.354078658141808,0.2639679852633317,5.725628794864311,5.515028146158649,-0.33838187529887087
486,2.608632802389142,2.1948305268356747,-2.598872903790902,-1.679918059513436,-0.6611943344998338
487,2.172024033076802,0.5195447630518478,-4.366024575638609,-0.2113683387695345,-1.3688879580652817
488,1.6539343904342463,-2.143364286957796,3.0287666634288577,-2.4797912895667005,1.542699502381208
489,-5.59872997689249,-3.418089549895448,6.161782850021326,2.5910006449005856,0.3921131788060251
490,1.9342103340954435,1.983875762026448,-5.422740931588688,-1.2595393385986637,0.5208091704511356
491,1.044051727722147,0.30778623090700197,-5.168000229068879,2.416445170638506,-0.21967471741174227
492,-2.5317486563330407,1.814507356857269,-3.4808187169930305,-1.5424972074517236,-1.301608278771956
493,-6.091043154690171,1.4909128403929428,7.954206005074666,1.5894625066912884,-1.304142901214029
494,-1.5662805288574924,-0.5887040233956106,3.3132940506832913,-2.321711886319928,0.07306349333624595
495,-4.196230418409409,1.8202635591403038,-5.73192448940554,-3.161093543966528,0.06419649673964811
496,-1.3539153991178374,1.4588534006869118,-3.3159331797961733,4.924595080890168,0.678467797173206
497,0.3114859207431656,0.17914783962264155,-2.2303057374241613,1.1805932143541555,-2.1113642755921274
498,-2.7595348237673822,0.9731888789022604,0.6351266817164779,2.1461970445931025,0.9706520486653418
499,2.4399766002016947,1.9490866903600699,-3.6002386534391566,3.806924982259418,0.8141158567647717
