,Type_Photo,Type_Status,Type_Video,Page.total.likes,Category,Post.Month,Post.Weekday,Post.Hour,Paid
0,5.306162140823738,2.2738027306035655,-0.22328033957059762,-28.736293294042053,40.6694797051883,-58.37852908966329,29.32445312082654,29.196207048954303,-40.04536875658739
1,-10.560396920661415,-5.26724195573671,-0.04791503330754582,42.81486962133059,26.131428291437942,-8.060131413250781,-17.515484774499825,-8.57448336432941,-25.31401118444977
2,2.9484734138975703,1.4818036546426852,-0.2865432468924473,-7.226047871918454,2.021048511049024,-32.20624269193196,-20.57374812100793,-11.737194394036525,-32.76491598726889
3,4.250432711359068,7.802959909575507,1.9526965642748628,363.9205563763539,115.37610971669395,147.60138011761552,257.052136281095,82.39393405548797,184.22642753407732
4,5.208503501379628,4.1709889893031,-0.2768482097956109,31.480758662737475,62.74371626317052,14.50652002795974,57.366062017095665,-5.5443905591348654,-44.20867742618255
5,-6.460608082049045,-1.7925389330061448,-2.0556527725419955,33.87712115122726,20.363484179870536,-1.916308711916065,-10.041951849181745,-11.331904073514686,-20.055007642355044
6,4.6909040908884405,2.2557673632269313,-0.1710534191900811,78.33544076419184,-6.350626772939425,1.9876665342839628,6.632501132995139,-80.83410078413583,83.28013435721209
7,1.5307202903954868,1.0394083597074253,-0.47377388083406347,102.1495024141051,8.612158137724206,54.98641354199251,-54.355764096824814,-27.000569616137348,52.7585381164045
8,-9.416405978049072,-0.6458317831992892,-0.163419140644155,31.52820846329368,17.899976415449846,-13.427521657082405,-11.69404444809023,-19.421584749982394,-20.69274385516289
9,0.7503216681293144,0.6260748618009668,-0.1751502853820536,-5.482676722929674,48.373065435486716,-30.20154141166952,-36.544041773907516,5.019656850874849,-25.399075355870053
10,-0.2786556535729896,0.3998835507974865,-0.10014954717859723,25.873745567503583,25.834723729346972,-0.9465007804822794,32.96924790515164,-22.66631521679919,-19.57601295490024
11,-0.15099420865632318,-0.8625893886905238,-0.23891478718414055,4.700160020328575,19.923521588673182,-12.179256524315626,-37.39447397187741,-33.724060694665894,-43.98042543374544
12,-0.15099420865632318,-0.8625893886905238,-0.23891478718414055,4.700160020328575,19.923521588673182,-12.179256524315626,-37.39447397187741,-33.724060694665894,-43.98042543374544
13,4.424952852966691,0.8493435032876525,-0.22370050278301623,-65.46355635354193,45.40740745470473,-14.010866746782385,46.06773655276852,43.142767129634386,-35.184117290388194
14,7.301223720855237,8.326625455357542,1.813297168402254,69.62080859412409,96.29307713150271,18.418476797454677,-77.26604584639361,149.96285953936615,126.40631070586409
15,-8.725603594943369,-1.93208990708114,-0.26632728881596474,-26.988003178746695,23.392265905773275,-12.062874678915259,-12.205827978643638,-9.650880315974714,-18.424025696119443
16,3.64872600974297,1.6206232035148664,-0.28868277512813906,-49.138367827124426,18.595778010423633,-36.01296688159983,-15.961883831206553,-4.670333693822433,-30.51625894826703
17,2.7370529633522107,-0.21777644663691864,2.8153265594043253,100.39322001841342,-49.5447459544697,76.05258869878425,61.02284583642816,42.37103122887009,34.98709036238719
18,-15.671568146269838,-4.196651459632389,-1.2269714316151739,-11.07943444461252,1.3117366835304596,-14.90085942605112,-23.017775079668738,-14.630651364958844,-14.071192064188779
19,1.7339148390063828,0.25190981478393315,-0.23670087357630787,-60.955581396810125,33.85866889389054,-57.67790753324315,22.679087132610302,-14.084812699415583,-32.03527824404628
20,3.5004354808487,4.924304691113367,-0.27898773803130267,-46.26885278403342,32.50444121282565,-13.326331977657674,-45.218379718536596,7.104413959052689,-28.584409859048368
21,1.9592820291696647,-1.5053662426431897,-0.6147021958083276,-6.943191863409866,-40.862297338645796,-31.022861380753046,-43.125142061287946,-35.27111391932322,-19.397973760765247
22,-23.429732027520863,-6.32017943865717,-3.741126609780079,-18.319216653723686,-34.886995732252146,-23.027346297340642,-39.73245360659338,-23.04801360026999,-10.018302767329017
23,1.7787641812123594,1.1115728446761437,-0.2337927009337927,-41.26467046388012,35.05232477033751,-48.119831879902605,-33.95539775956629,11.009026309163456,-19.88136203457362
24,-4.984320387322096,5.41115506791109,-0.27419214520016283,-24.84151608758933,20.24060696451057,-2.4107322674272336,-15.940883726167709,-22.828163364682734,-13.855320787499322
25,-10.247521544944552,-1.0984794022469089,-0.1655586688798468,-3.714827293676078,21.439689588403844,-16.12973147721324,-28.166583631306988,-17.94455895009603,-16.985795353507147
26,3.4257299814230806,3.285510948821936,-0.11670749707594132,61.81076204498499,29.244446260451134,4.763704671275739,47.579598469833975,56.70980630483918,-13.526217918021029
27,3.1848258286397613,0.6375613398714316,-0.22563763221810829,-36.295178306457366,22.378884776726043,-60.08993607541663,44.62229228562534,28.22239865249053,-28.758577602727975
28,4.670653284309927,2.5093435032876514,-0.22584003101870787,127.57991826380166,59.37018043551691,-3.00507161034424,73.50958287311481,54.880743465918066,-26.46287691805299
29,-6.469160080620196,-4.263619490125462,37.918126000036175,-16.307388420098277,-30.14905708231244,0.6082183633477927,-9.137306691335723,-13.558541294446773,18.89536196208798
30,3.9751606288990686,3.298433682984517,-0.22565864985757145,-7.582651667837805,44.583822859246375,-19.69518460493203,61.54702424919727,-31.256754694550633,-32.65755853661616
31,1.280717788584648,0.5898963980716305,-0.06484380671221064,-29.474671318955224,74.975944772774,2.307219979075754,-6.23125724311718,-4.385651627276743,-49.274055009244975
32,3.5692275248944867,1.60440891780058,-0.28868277512813906,24.858439324616537,7.676397352897462,-32.35534727294758,-11.806740667784299,-3.0810324117711496,-30.240036726044806
33,1.9208348955078611,0.2907598591021214,-0.2811144878032954,-27.414977415759864,32.90656264227088,-31.26243046760906,3.774286730417301,-33.138787059177574,-23.858501430415316
34,4.625982205516952,0.07340097088612588,-0.38028251615448216,-49.09760474936735,-42.007339641524204,-37.904665391015534,41.82300509388145,18.63024821161861,-10.75611091730851
35,1.6534021751282781,0.2549045649168412,-0.2263086473636778,-16.651916439639265,25.163239643956043,-4.677105434762169,16.28631127580326,-26.92429149970504,-40.52493570513454
36,3.835947711088266,1.2453304786640749,-0.278785339230703,-10.846720201432747,9.083590861710832,-37.74314436300791,1.0617895992738038,-4.9447341898644686,-27.246641290668073
37,0.9690280019311834,-1.1674369164245568,-1.0864710098327446,12.775740774332604,-38.85452194215272,19.995931231269754,-35.10864264564679,-38.34758146812215,44.80058724117847
38,-3.9458712757033663,6.051704330512896,-0.1342375997456174,36.64426695633301,21.42465710860293,4.001808478473185,-12.583879027132793,1.7427029868077317,-12.454518691614936
39,3.2737009021933767,-0.8169674426527513,-1.0116564379265938,-8.192062388862825,-39.58554154011586,-49.41207355730112,-37.579688366532025,31.392424969407987,-20.731502871677094
40,-1.0880546086563179,5.404835236557078,-0.07233783958908796,23.154274738835092,25.273172133947252,3.2531539711029973,-18.474221607880597,48.405655814500406,-11.95984457228376
41,-24.751818541984758,-10.451551402546226,-6.227846015392832,31.882670816820063,-35.40047089082374,-16.401610519664963,-21.217960090101474,21.733435217498805,27.10178469272819
42,1.917220696466935,-2.205030306434905,-0.7745936151195703,-15.297794433085487,-48.935397526796486,-38.386004581337346,-8.139242096255904,-27.44605506889006,-12.216469802014105
43,-38.86413864593782,-9.931529766803116,-16.37585092047854,-26.134129510198722,-40.42370998809443,-14.351170127972294,-29.355189709706824,27.29827491302143,22.96407702270337
44,2.3243405367854075,-2.059189257776656,-1.0195706578582375,-36.561456154374106,-42.52850299252288,-35.29205855083578,26.84284087458811,-35.26255971061254,-10.530544154193574
45,-40.86192870224291,-11.112110534822552,-10.712565782812298,-27.068065617096018,-41.18659711516406,-15.697388003450431,-14.890195201834517,19.757622806779256,17.40786141717662
46,-6.703087996129466,11.047380120200215,-1.8442350099843454,-1.7806144840308094,-27.868620801482333,-6.277075607115566,-0.9437440809986231,17.417613920726257,-8.800982794652272
47,-37.35941024942447,-7.14564166331419,-4.976659871810154,-23.898489850888947,-31.34828418557347,-23.509206088492192,7.325638561036632,-34.40677530977405,-14.484538075226116
48,2.640036389721427,-1.7675225911099899,-0.5216050707288661,-33.850590485867926,-37.05647602660034,-28.983606838705477,38.258579713418605,-47.704552116028665,-9.420963040899009
49,-37.48841807409713,-6.0545997052722305,-3.8804714399934306,-24.338806595083817,-27.21775877906941,-14.514688368521007,7.611839741568364,-48.04676397307151,-10.133699539926727
50,2.4017253655469126,0.7127184291068074,-0.2721417188747885,-36.310088084855764,10.711804092505538,-30.463832761332913,-10.655950798200134,-30.559966792931036,-25.54763446443155
51,6.159854375528032,0.051232555178336185,-1.2825305866095644,3.010059019950766,-58.2140616110197,4.658827085651473,47.9343684420579,30.607591714739186,41.661292271056624
52,2.597584312135831,-1.2589999526243574,-0.5473001915123673,24.636538723165014,-39.41432732415293,0.5603927920001232,-33.667601341170744,9.309442826511203,-15.289096577818729
53,3.1731324914997168,-0.8169674426527513,-1.1777601416302974,-25.905607794824242,-43.05060496674094,-0.23380568216248684,-26.271795387523795,31.973158002795962,-34.6331158122281
54,1.7053972313626247,-1.171629061375383,-0.6175530760114605,11.742964866251116,-45.70837004459704,-3.4449669330252126,-28.722078339210984,-28.56774607723011,-12.359385299630466
55,-13.450949592062692,-5.431559400008246,53.648666031499396,-33.03554900094311,-21.896477083676952,4.642878052308701,-27.564346239995473,-8.186917199144276,22.24088769855569
56,1.485394118504204,-1.173600978749706,-0.8765752687380762,10.025284488037498,-43.48173247914607,-6.219919622688818,12.613158031525973,-2.501684533881375,-10.347023821663894
57,3.160768120425068,0.3840969703825185,-1.3130183563083349,-11.872097273358357,-63.17747778660327,-22.79244114657835,-23.999487965854758,23.12618655843797,-27.869895854009414
58,1.9206836309117121,-0.9241000669433357,-0.912154022122223,-24.0304099433683,-45.06353494091961,-24.353449818966915,31.262143141048583,-15.303176579111556,-6.809368133995311
59,7.66670767152231,0.36547186728480585,-1.3119660472217494,-7.850604657907001,-57.20841742286789,4.107411823283476,-50.797265994939245,42.102105759506564,56.36319026787176
60,0.9319387957677253,0.05732011420964273,-2.340055877520312,5.490935816384585,-49.15813200358207,-2.00149956813093,21.99016216200253,-71.51813331995652,26.754097147358397
61,6.948008883283668,0.43801464446586014,-1.7367717234781601,-29.138245269881942,-45.95747267579995,-4.422600473801879,8.171318601927787,30.461701307186917,70.06267997263076
62,1.1937539643317372,0.05200749756886579,-1.1261484747314905,-0.627217716088447,-59.29188411943924,-6.892396210651779,59.52901372495843,-21.199830247330638,29.589334847915627
63,6.829291695358836,0.43801464446586014,-2.0673490877805247,11.901695737932917,-49.65235634483253,8.72787101030876,12.143059575568664,36.77264377295883,33.8537622625523
64,1.9947303030807548,-0.6675511538998574,-1.0678488216374682,-37.83596698782922,-45.79008818972286,-10.89062536649122,9.96777551996503,-13.562311175566034,-9.771480861366044
65,5.748261034082804,0.008607892587612957,-1.27903177434043,-43.754735423377255,-37.12761195321456,-10.282374126023717,17.13102011026251,45.44955633252072,-17.98705882596465
66,2.2041273805847448,-1.094183255632042,-0.7515157072586915,12.85324340758162,-37.07801552611773,-4.629277522356731,-39.91924776199266,-42.068296061869695,-17.710201686405732
67,5.646910468813557,-0.5574886585585317,-2.4392149986440765,106.75008743929928,-29.87239256936489,50.7546138615789,72.41097937266424,67.42891896224342,76.00421938850113
68,1.4649747721569542,-1.504459301877464,-0.8029881039529065,1.303256350886198,-38.20347170970249,-3.6186225355202617,-31.584624185695894,-30.663719929134526,-14.13704542395989
69,4.10624412507025,-0.8891006317553148,-1.3234163593607922,-11.2026144678361,-46.62883021186241,4.34522138850238,-33.91576447312202,45.918796329182555,-29.273902432285468
70,1.225093561485267,-0.29108655958652147,-1.657711262189453,18.38221447035263,-46.79627811689658,18.329431256478124,-24.861306346294818,-32.86062214196967,31.756898405154104
71,-19.73513376546504,-4.824283867678478,78.71344812110296,43.32346486028512,-24.051315851588555,18.67242080974786,25.610555306436375,47.383886274393056,24.86359137929981
72,-5.875867768346942,1.0985597740615283,-0.2453555445630809,3.0525282759887737,11.86727590663554,-0.04716756945377293,27.78928386941463,22.39980408443973,-9.272427761643337
73,7.676689594494315,0.4614718672848059,-2.2239152121733716,48.715041415049,-50.767971005099874,0.48828333184027906,-36.92888071355394,36.186546482182685,59.47936750650913
74,-3.422675429815945,-3.0307535913729513,44.33611623789189,-11.839146767759205,-16.39065585760719,-10.787862889896646,8.154941638111353,-16.83581650146396,-13.857513571554286
75,6.501137088411873,0.43801464446586014,-2.1417717234781595,75.68493646236432,-47.128100880928166,-4.923905391106796,38.5018305066897,34.70639592081701,82.27809663929743
76,6.252323145816706,0.4754478684330236,-1.1177907419526667,-26.3629019871047,-44.529388152804216,-13.715051962687006,-12.558694995816204,-21.074828389429417,-53.46248151792245
77,2.037912121262572,-0.6675511538998574,-1.0678488216374682,-10.195506028669545,-47.492221523056195,-10.244080979505656,10.41079536123487,-11.343134847829612,-8.011730861366043
78,4.332201001366857,5.729236509295187,-0.3956610702913246,-14.998584894303267,15.663359622897861,-11.619707693239269,-40.57828537757641,22.52011830948793,-26.656043141104497
79,1.2787403836807205,-1.0296198585028555,-0.7168397813327658,-8.964521964467535,-31.15328901097421,-25.56707339245059,-29.964016047112526,13.328340535475869,-11.195087597783035
80,-9.796415592622022,-0.9855411133428311,-0.2445438367174733,-10.656162524473908,15.724450744582994,-13.828501117954588,-11.840907002202782,-2.4619657483668735,-18.91378054236945
81,1.4348897638893034,-0.28672167625148826,-0.1757522642106305,28.57818273484402,68.95464050337532,17.441730307224056,-10.300589213409744,11.103078099822607,-9.682824988750388
82,5.116523794832892,-0.8891006317553148,-1.3234163593607922,49.9749120757957,-47.25883021186243,7.6281359543287115,-30.47271144281899,43.449189186325434,-27.778069098952145
83,1.5348217184481332,1.8527890019940112,-0.6925919864738159,1.7045488018400325,38.3847296525179,-8.993073483986601,-48.442805834714655,-26.54034484147044,31.878560238378515
84,-12.633267532562998,-10.618643169653033,-0.23625146475659647,-14.476394499624503,-1.046764924105978,-2.9507987510419875,2.6229148423850948,-17.92328578061658,-14.92087545349036
85,1.0996056631503046,-0.3623742051602947,-1.280383605341622,-10.425430283685767,-49.997693254517024,12.99908492666233,-12.794933019707349,-49.387170617415926,26.975927662548397
86,-32.51021867652411,-8.060647115751022,-8.285145210025956,19.259387538298313,-31.289394994207086,-2.6160332965290616,9.556040508003068,23.04128699665178,-10.358642483382862
87,2.1133786611203926,1.3918992508044785,-0.2642925561117985,8.221244618129852,45.443554185156565,-8.36538452785562,-4.904770014575004,22.502118052375863,-15.281114402511676
88,4.893778090184589,0.1810589795441347,-0.7946477270971526,-19.492068706398186,-44.42942399510219,-12.349902732999986,-49.71548199342994,16.23569017770772,-29.31236882587594
89,0.9977953386542124,0.05732011420964273,-1.159187552518366,-31.858520270603417,-57.57180686931784,-1.8059314337229329,53.07545945469139,-45.49406540076955,21.80556988590996
90,6.010611561823037,0.47272564621080126,-0.573096687396723,81.47178838840122,-26.92520652524866,21.16062604704257,76.4635859288034,35.782382542990405,-7.636783636092996
91,2.444907183728731,1.1530755719639503,-0.2721417188747885,2.255321400648331,1.5551703969613135,-21.059628243628392,-11.370720334219683,-37.96171652561484,-25.54763446443155
92,4.723796486569849,3.152054362169504,-0.39545867149072517,40.31144454149062,17.647892050303657,17.524847810593624,2.757157936449445,8.747145917320077,-24.432247166872997
93,1.317938357868689,-0.4562863503951988,-0.1757522642106305,-18.482372578134726,54.9013790713082,-17.096995612810538,-30.887034025906363,-27.172083553928655,-14.582159777257719
94,2.8054580461142833,3.1889671290307158,-0.312980267572019,5.98260840730234,33.348817094684165,-10.860655818374777,-27.03738873701086,-23.941640256670564,-26.266552330970242
95,0.9292713822709212,-0.3020800852798397,-0.20247163179956326,-15.228850327221984,67.69906386860656,-28.89786295750516,-17.684378915624407,4.914744544214534,-13.280802611128008
96,5.476011529614927,-0.741484407399961,-1.319442000386433,12.86417924194525,-60.593433820487384,25.434637083805864,-72.92812837381234,37.81975819228857,-17.865464179035452
97,-0.40717835146880593,0.5196146053119358,-0.21583555305851373,8.06180266096176,17.902503662452517,2.616031550486497,3.2491759191539007,-46.07929688763118,-24.690184339675042
98,-7.011899605434625,-5.827340453930096,-0.6327179564058557,22.283675413669272,26.81274642747464,41.229159042204316,-3.9673207692097843,-8.14987184912638,72.36020301729158
99,2.008831859653248,0.0015364987432290717,-0.8670329887263477,119.48652417738951,-50.37201898095906,6.535957696448133,31.67157903182379,8.348743590772045,-0.5874876186114809
100,0.9476598004219978,-0.3623742051602947,-1.2220602557434301,-13.482165993875897,-53.641080512991245,-28.15992375041447,-14.31740842064928,-61.29688742217004,15.980874027115737
101,5.71313687074691,4.978553471923497,-0.3113032051562991,380.04205318546263,74.79930237830588,204.58330801084176,167.1090764762982,131.60203944071742,-26.699533362607166
102,0.6119832361383347,1.1096052270115635,-0.29791009321311446,-15.094330688860344,36.638807021579616,-48.26427127744547,-34.23780145585388,10.134697168219528,-20.63414587104315
103,4.7449224485223365,2.564730817205102,-0.5534740575290759,115.50409550366099,-54.1143600237879,68.83841808109105,-62.77632693300558,24.368852546959886,-13.160225116583758
104,1.0195253107893574,0.09779630468583334,-1.192805089619682,-39.54181112037027,-60.89690422325215,-29.21702536355094,57.57602719741225,-38.62537841873102,14.737208669169704
105,4.761886333778811,2.564730817205102,-0.5760204979347469,208.7270970329127,-47.85442582922342,101.02096029818057,206.32339567094826,83.96989449733675,-0.8008850566709538
106,2.051810637785943,1.1286624258191997,-0.30646902569290424,3.025851882204286,40.91311542097647,-13.483006613120738,7.543439248387232,-5.780638179651804,-17.486132530174615
107,-10.854047751420605,-4.02219018732699,-1.8718591727783143,19.094768105996835,13.957449808457172,34.46406667717998,-2.0784115733536797,-2.1680846433423313,-18.435057996879003
108,0.5556416545719846,-1.084216374961943,-0.20247163179956326,-26.34516183063233,64.22720759458505,-22.64644321149423,-28.53554448608662,-37.267570301214676,-14.03480814643464
109,-10.407838614045035,5.92945270531831,-0.3396315560157188,27.43530069009857,16.29383430967128,30.953558625487876,-17.331623707833554,1.720371813015468,-23.73679099916413
110,1.4112813107793734,-1.1967181202547486,-0.6561654235065605,-23.41488590288182,-41.63559127940216,-27.786925700730073,-40.333822758306624,-23.578456072589002,-10.082082786575334
111,1.30937652322211,-1.4845835451441016,-0.6373849357016825,-25.096472774544157,-40.43614646958774,-22.626001616343622,-35.32342036424544,-62.60926592077116,-9.209467630351163
112,2.43305334281796,-0.7264665285163215,-0.312980267572019,-27.287565159237502,38.32001633088809,25.04446744183814,-28.936965403513412,-3.817986201255703,-19.708940288916168
113,5.207081170895871,7.030094022186895,-0.4779871972848959,-44.588553511630934,49.403137825976685,-72.25870548178546,20.521042266123942,-65.27901350215946,61.139537674210445
114,1.247728964589736,-0.9936547850510408,-0.6001210064190395,13.041678755514827,-31.679408224871914,-15.776049138948247,-21.663778117081133,-25.62180661018313,0.2820434289830255
115,2.3625313760031394,-0.8375771059141703,-1.384726783477289,-25.201327221669366,-40.29637728731237,-12.210437416896143,-32.40276012894745,-4.0744759947366775,1.2717838294833932
116,1.4371381877245402,-1.0547089173822213,-0.6296919328044825,26.470239328947027,-29.367416853079582,-6.451596844475938,-19.794785175443376,134.38862461891446,4.62883085413273
117,1.4265931376689225,-1.1558074022307057,-0.664367858730408,-14.311521665895278,-36.9763922116999,-11.403744604000149,-36.064616746385354,-59.738416415085965,-8.225092967108115
118,1.7285498612361498,-1.1611200188714834,-0.6046930268123454,-20.51109457835035,-37.36720272589975,-18.650882195883824,-45.4552672130427,-47.533609021872195,-9.078047813970418
119,1.6527314088551979,-0.8398363488378133,-0.5634811531740014,-53.94767098314207,-38.987775788458116,-25.967897092610958,-45.48981879599662,-23.71095858414688,-10.428659395955687
120,1.3888501302848624,-1.1277017737271666,-0.5447006653691235,-51.42218485471632,-40.66679812556793,-23.524070117668593,-39.607119482894035,-39.76194588115377,-9.977695962654892
121,-3.1288223666414128,8.958409992462546,-0.2293253190438628,5.772373518071523,20.587026667181892,17.24008598723377,-23.707435285367808,0.045552911217781974,-16.821232838581327
122,1.3792754775070848,-1.1277017737271666,-0.5447006653691235,-47.88115260918406,-37.390552815630244,-22.025335404282558,-38.80056477383615,-49.69446536372024,-9.568168805224511
123,1.3792754775070848,-1.1277017737271666,-0.5447006653691235,-46.28111292664439,-37.390552815630244,-22.843335404282563,-38.464042851314204,-47.37902696878184,-9.782168805224508
124,1.3792754775070848,-1.1277017737271666,-0.5447006653691235,-48.985279593311056,-37.89924726007467,-22.299168737615886,-39.046175635197,-40.28819974045463,-9.782168805224508
125,2.513002007841545,-0.4990037323228285,-0.6584902118881776,-54.343133501739814,-57.748210184770606,-24.685829467725668,-60.30084423095045,53.87024598821663,-31.281103400127545
126,1.5254896255444328,0.6991092159122596,-0.3127778687714194,1.852105515588574,41.67442351457921,1.1785815472028984,-35.57063889968738,39.183431817554045,-18.503091201389534
127,1.1872437007809509,-1.147210558391979,-0.6450574554008366,-47.51174400787321,-36.13227912255766,-32.58466570825448,-45.57508377842506,-26.346520071917034,-9.159716398094297
128,1.1872437007809509,-1.147210558391979,-0.6450574554008366,-47.51174400787321,-36.13227912255766,-32.58466570825448,-45.57508377842506,-26.346520071917034,-9.159716398094297
129,1.215841957104789,-1.208264690723159,-0.674628381786279,-57.62797339794028,-34.12607393775845,-25.19320929580073,-47.85137350315763,-5.923670539099403,-8.85234827763911
130,0.9984263188138774,-1.208264690723159,-0.674628381786279,-52.89337971940092,-38.254828384249926,-26.166982159752692,-37.380418734278415,-26.05559780620217,-10.55102650922057
131,1.2247195742682861,-1.1632998751104322,-0.5961730620633383,-47.722730572694296,-43.56379509842874,-28.189610930762147,-30.063356373569707,-39.457489026946334,-10.871631368160237
132,1.2247195742682861,-1.1632998751104322,-0.5961730620633383,-47.722730572694296,-43.56379509842874,-28.189610930762147,-30.063356373569707,-39.457489026946334,-10.871631368160237
133,1.2151449214905081,-1.1632998751104322,-0.5961730620633383,-43.79413483509856,-39.29092821561948,-26.956089892589794,-29.241447486526045,-50.033404252658556,-10.15303403529125
134,1.2151449214905081,-1.1632998751104322,-0.5961730620633383,-47.098261819225556,-39.799622660063925,-26.807419824562576,-27.901225014553578,-26.438543391297685,-10.543966008080373
135,3.070136318014053,-0.6747496256319565,-0.8502807918884115,-44.920027593108,-43.44269630202049,5.674183167842653,-43.82706580854438,23.333877960609197,-19.2367440587396
136,-19.905641657533593,-12.715096981692675,-7.116418019144144,-26.819572884419387,-32.545145969674046,-2.6307324196830595,-18.806285374485906,-7.536106540044429,-8.268366886789723
137,1.6263243150550444,-0.39116114019162673,-0.5949161628600366,-8.830233070043692,-45.41475055427085,-11.166209046846568,-3.5569876798383775,-53.840590207422466,-7.7648431870483545
138,-17.77715374024958,-1.2200500167745643,-0.5544736975892698,15.082654100780758,19.681535232525388,21.914370249743396,-11.609963796540011,-19.059490584465337,-32.320794480897696
139,3.001555109217179,0.16106741983630038,-1.3941000240463857,-14.529692254558743,-57.94272905310597,-23.596967945889514,-10.641548618602627,-14.053642515128024,17.832691148810834
140,-42.10722251742472,-10.081806974487641,-8.11710065606071,22.03416182048061,-38.142804192896556,17.831603804241507,37.53598558309891,18.562459230149127,-7.8186428305675175
141,-14.462652697417317,-1.938940695584382,-1.3641432463584617,30.752867965034124,18.183543368553664,18.17860094420673,-0.48645161767567435,-1.1966092073894066,-12.299581546836185
142,-6.998362519640984,2.733533874351028,-0.7199998914946487,96.06817048215413,32.910490291422,89.66084770806451,35.3549773077071,56.512553779471034,67.18442223449891
143,2.9672380043310125,2.107669983225356,-0.31204024982412837,-17.674652747877246,69.47670009328674,-52.36357430892207,75.54393952816977,26.11865143209321,65.9227015320504
144,3.556539585259153,-2.800124411239086,-1.5694257444759607,-44.446086195366746,-65.00318614845803,-27.280812482554175,27.18286480418886,7.827928546158268,20.328935313020793
145,-0.1495197426716874,0.20328533054877646,-1.349757750579113,-27.209409210173078,-82.47806286247173,-33.41999738273867,35.342416899158685,-9.337649535176922,20.535327520636848
146,4.432612298283446,0.8833836665850067,-0.4580790632253304,12.648563272850074,18.635414563717113,2.9832301930497422,-5.3435748383039225,-3.4545633931252597,-24.070353433297793
147,1.5339143443529166,0.26936809128216743,-0.20247163179956326,-12.814743162065058,57.73442426278227,-27.648409669704815,-53.06404098906169,-19.017435897109074,-10.653972082144094
148,-11.376257850100771,5.378766883604044,-0.3396315560157188,29.86484534548253,14.359825137600271,28.591329329077865,-24.43812314497903,-19.839059926702056,-21.835060951434077
149,-14.03502269209295,-11.919083892510816,-6.5266528958412655,-16.925811485575842,-37.46496711070395,-4.380918939615744,-26.58287170154919,-28.94454146451919,17.36650344894199
150,5.128112818494415,-1.2574152435551558,-0.9855366149013775,73.09094166037018,-35.20941647130263,18.394151127291764,-35.85407346798305,59.77625077305413,-12.806381314935223
151,0.8310053045486616,0.6709450616926067,-0.3098740145969754,18.86986903470482,10.73457527747087,3.625996819756332,0.9046877633015142,-38.421445951770416,-22.579126028574347
152,6.865631820753165,-0.4037356036959103,-1.0312498776293049,31.958970062463546,51.944548310232555,-14.020089600715702,-35.78762910622772,46.25445322778454,65.8857340335679
153,3.0543114885169174,0.2661615394398405,-1.862314061615414,70.61656112938081,-45.63750900596439,-8.16529498333956,37.16173678620668,3.6725408321834196,10.47043954172477
154,5.6296121789729145,1.3051620713412009,-0.3115419872075811,28.23745596432949,17.737853232273014,67.3384625950185,104.77539108068652,-4.5884453968292025,-28.537316472051764
155,3.163711492378854,1.7813590243644846,-0.0960080630184581,2.405053003086798,46.05054972961422,30.77821465645052,0.5401993408444753,-3.6239625983351065,-26.15248331885272
156,0.5665088315201549,1.7773235050265481,-0.38919952963078214,10.711143318422058,-7.9531076022107445,10.900176231135317,-6.727923345364024,-22.763649971777607,-26.854638170587844
157,4.0120782563505,1.3854518411323,-0.47339706338360826,24.044881009732418,28.416713648652287,1.8187253732972688,-44.42405733709504,-26.429764512968116,-28.053997949184954
158,2.6625068184464147,2.3498422305236764,-0.37656069630532235,1.5969436171831193,-23.961163481339906,8.548132668362575,19.73906117649469,36.08590869112031,-24.108037757952484
159,5.481170629191642,5.700654753833555,-0.5082422162756719,-68.7555388804524,41.10890503438028,-106.87703801521974,31.51208727641592,-66.3493978431915,58.98403252785103
160,2.9862134929259705,1.5250495148172956,-0.2177245364024342,65.38211136021779,57.22360878623144,53.803479955045134,-25.384873704752177,-23.907541722420163,-14.203689879129753
161,5.019011086494418,1.3147824567933335,-0.3282331721748896,47.08286715598603,-10.148035502008844,2.464790438953514,-22.022851577705552,55.46875619014873,-33.84445380995368
162,2.8636771068873244,1.3218885649118521,-0.2177245364024342,67.49382492131222,52.02484474556718,73.27289626203394,-26.571470667200526,-1.443727232989415,-14.117575897587047
163,-16.28421625979654,1.9239635389831555,-0.9276155130741133,39.79532433403353,13.976516325834211,34.74872260026131,-12.951628840902993,-12.084017728031862,-22.78041519077364
164,1.050382791115297,0.5542031964905897,-0.7583525579708399,137.05262995027863,-36.00204268530265,47.181763031800664,-156.45050468517877,-6.925655555274914,-0.16579021942495847
165,6.757716139731339,3.3273252490900322,-1.0615048966200809,9.922237796515194,30.751960265395535,-36.02869126209579,-51.82366065528667,-8.245798883670417,62.23704951347389
166,1.571657410526356,0.1974087323443901,-1.3200253699013085,68.53827347461255,-59.372368846811135,-1.4455810915215914,-16.385560537655536,-13.49241469188916,-24.164755813171524
167,6.245121846042545,1.7829079838132438,-0.36124894168419647,132.0710795289276,37.286321762953065,42.9067933320177,11.335761366477342,23.90268850013883,59.3272078878469
168,1.0964974235533045,2.2100757431076716,-0.5346182031023688,535.5810135355772,-0.08592885825231411,171.55567302582156,254.20141980329387,51.523729994947594,22.208770801586535
169,6.820341129284192,1.0327911255663211,-0.5181396521731078,-53.27085282927377,53.79874796744197,-93.97842498349259,116.81604795436579,-92.20605603191098,67.68217858672533
170,2.018404740153173,1.578718302706576,-0.3965022620672918,36.13616265937309,48.5490873425344,15.699929103093455,-50.347037507613734,-11.338500605500887,-16.093628506145713
171,5.555653142103862,0.17032342548544638,-0.9006849180464511,-46.52593399073002,-30.151716405636915,19.114677600692872,21.707229186993526,-66.66872356686159,-10.054191207467696
172,-9.678416566645769,-15.341916304419112,-3.2626127959973594,8.840936235789394,4.463666570628698,16.706292393364073,-1.8203943363880277,14.507958691160395,-13.348880620959223
173,4.886531599836101,0.13248344964003578,-2.068371268270302,-20.868405385705273,-26.75011886301968,37.499591374162605,47.46593092877824,32.03419747222753,-6.485206041116198
174,5.019011086494418,1.3147824567933335,-0.3282331721748896,27.227854335473214,-9.64636883534218,-0.13225718009411053,-22.20201824437221,56.703316629709164,-34.069453809953686
175,-12.622189970150705,-8.913349104502887,-0.5433631510284036,-16.444444674513004,21.20720841886445,-8.493571130187155,-3.791677533956075,-14.776002515069209,54.02402292707603
176,4.755401299093061,9.280616650760335,-0.7586226100253807,221.27725726693754,53.03482172818854,97.71075543646255,83.74965975739568,75.68050015597368,71.06624358174713
177,2.0144256006946613,0.28257802682129135,-0.8668094411709539,49.14203833650748,-45.27831080851261,53.26323316828129,-21.96686822122399,-16.959772380445884,-4.673881014418221
178,6.866672448791475,1.60407035388675,-0.32704136852699534,12.920039129078713,2.9054365577318326,-1.1493346146395336,12.93850920112804,16.966883836612762,-26.718602277529953
179,3.933600254691951,4.236762760609284,-0.2295824394356915,17.815453361398294,-33.64583804134519,27.50872442390066,110.14286477102445,-22.857656353891972,-23.547695470418727
180,-19.12285408544132,1.1946378322235094,-0.9985529558048986,-22.583045681221982,26.674390244641245,-30.13718521158736,19.178143730511497,-18.489709594179455,45.90080898739182
181,0.6176169681453357,2.2100757431076716,-1.2386142348484,-210.87780540756336,-18.783530698616254,149.47458410334895,108.65865700247467,33.49067241766787,-0.1850226271833225
182,6.722802430709506,2.138930710868984,-0.36124894168419647,-4.813657449929108,14.095031737343001,-8.573020691767926,23.646134118507263,-23.938573481422456,62.18023483390799
183,1.0437101495547492,-0.10872889031486516,79.45343395525262,26.821449545226557,-15.477229884347588,44.75800762102181,22.43628234300824,31.660261243435475,-15.320552816303966
184,4.112148851194325,3.6241567023101164,-0.47336068013292587,6.551641851720376,7.6080688697489185,-25.628663153290457,-25.84250082486071,5.0843770784140325,-26.00923542857063
185,0.992262274656419,2.174957989484484,-4.374824509646631,-90.09127004160923,-24.38150905541065,93.09510572115772,-0.5439260592012334,-1.7888715872235563,-5.635291465674253
186,2.2859106607761968,1.8204525105443128,-0.37656069630532235,11.996311779911881,-4.306089374547019,17.271298964224744,12.227994979278648,-17.72872010407935,-23.083965453271016
187,3.194686364999403,2.1383533641442787,-0.21792693520303377,-7.672674162750434,-8.713270020319957,13.585557804253138,-44.12033652434733,-34.073390491832335,-18.154366132410654
188,5.347865124769583,1.4495572133569024,-0.6786685535484643,0.2547898602406795,39.814576388848806,9.642258725897939,-48.657951116479,-25.582742440192575,43.8769480636392
189,0.36694573301961164,4.381013586265927,-0.37656069630532235,-0.17886319925635397,-13.512744979911773,7.745541262859244,-16.03041178500902,21.91848931500604,-36.49677597013529
190,5.235788600569925,2.060708488646762,-0.3513515057867604,-73.18361514651974,25.682702121669127,-27.616239014928503,1.345010041338602,-42.42670973438195,56.250339415925595
191,3.425348940783751,3.3343896382802143,-0.3965022620672918,108.04834340637221,70.97126695652673,78.40777181088669,62.428602255758804,136.57018785583338,-13.93277533584141
192,3.9163721958757303,3.4555582247325187,-0.47336068013292587,5.0285028643703775,-10.546973421544198,-4.067939091893769,7.506958240597001,-44.71336646642321,-24.839118599048465
193,4.293391124611446,2.5058349690359,-0.16471304073605914,-17.461414311542768,24.673514651377747,-3.036087688619025,-94.99694239625093,-29.10767080872252,43.14572076737932
194,4.656712847464238,-0.10466432019576297,-0.934268361355092,65.28495585052916,-21.501903542669307,65.22549198616707,-7.019928013386656,78.04333246918189,-15.76309564920244
195,1.9788757591835868,1.0481377692128944,-0.21792693520303377,26.814088648684066,0.2853982775791135,43.604212200769986,4.5657812539401865,-10.401103341559134,-16.770830366074577
196,2.3815101560694476,-0.3372963380037096,-0.7410026558651384,32.46202971965958,-41.90463762378407,18.274317862297547,-37.201772356795885,-64.05137284091596,-4.615142656128698
197,3.3003118519058665,1.1379918851697883,-0.34063871657493905,-13.304842160344839,-9.836818667097315,11.849677422212283,8.145266286606835,-19.151409733379005,-22.507904901965603
198,1.6824418355318613,-0.30989633322882254,-1.3200253699013085,-26.204720359592468,-56.381407156056746,-10.83517128579144,-9.002518530116644,-75.0363548285175,13.884285294206139
199,4.827879492509096,3.3822915633180837,-0.24952400519766113,189.63128355623155,93.90102750201002,118.1591322255359,266.27792732020123,52.91841367296447,-9.131798061039587
200,7.243401027206596,3.283844877587061,-0.5782478909288877,-5.993272695531443,29.906452401731315,-41.58360332138796,19.215784640470623,17.705415593946366,58.7368586334394
201,1.9458818910519626,-0.09017477701099555,-0.9649766041863792,-22.06558104476099,-50.73272107152998,-4.101866035261904,14.936785189015175,-70.21130090451213,-3.1294133762716845
202,-20.783360282179324,-6.626931984719872,-0.9976467353356934,-54.22791301870396,29.81383711929027,-54.870836026552624,5.634344202533786,13.968537442833597,49.03660254936691
203,2.957639806001588,3.3516939239386163,-0.3965022620672918,47.88898401750716,51.35817200636889,73.83560539699043,-148.1074714278652,60.28686457453038,-14.808352768871574
204,3.5069264849870483,1.1774716889939252,-0.3941731134946997,8.500949248179916,28.335840130105066,19.87460063350222,-72.65255977203373,-6.403654665566527,-24.99876736814019
205,1.0437261241946791,0.041290638143758794,-1.3110295612782787,-30.625789826959455,-97.97362040246249,-12.929107171242864,35.6467073930019,-20.886156970115042,15.730613043250868
206,5.268413434681173,0.13248344964003578,-0.8849599477493792,108.21421358697869,-20.046983367576455,102.28919340488991,76.5268592663276,110.27171738537668,1.2556960539647741
207,3.8054167543930912,2.1383533641442787,-0.269921154856213,4.349518083639233,-5.4266857990633515,32.81824289003396,-47.4485248933267,-22.951133794987765,-16.988632183443478
208,3.1724037605526956,1.4686497861392427,-0.24904560553666366,-43.559437045290174,39.21951855627107,-7.543065313040217,-21.59262242168045,31.108932597114695,-22.41870104799712
209,2.068188418609353,0.6819173539024969,-0.1685729052777433,-30.72640567903755,29.217992126627003,-17.85011043948896,-93.82874568329045,-27.735337414054577,47.6077074885435
210,4.244951370310563,1.483326440970123,-0.2757857675466054,4.279038195395238,49.12567170677984,-35.35653022966492,-39.0651802556706,41.29905679170135,58.26208501425806
211,4.931442329950101,1.6972016358429491,-0.26828817035643715,4.8988091530935955,76.25058586699994,30.949341999296003,67.94840424754176,10.800072922327809,-14.240936718162638
212,5.623179577358087,0.8510564649978604,-0.24805620068936887,-2.7975403397834815,-1.9763540192785678,-26.026927696759813,-5.346808416883228,-0.3428237140799162,-26.17909238834851
213,4.6274950879294865,2.590218387355643,-0.8473553460271712,-48.66155373648785,32.87574788193674,-8.17525802857654,-8.596126682331729,-94.70687517160309,27.27034087433756
214,6.400439251708834,1.8853524282576877,-0.2822637738465697,-19.24497776228553,48.24886212747804,4.148691874822408,30.69885616044392,43.0624210148805,66.68925194507376
215,0.7163888511324372,0.5100757431076722,-0.9722860055219875,-61.334179347993455,-35.23771101709214,3.415451962892614,29.672199042733773,13.474130754555668,-3.267436717281505
216,3.7821266693592057,3.3718444348991636,-0.3031194776478906,3.618241593790673,5.2429412508410245,-26.149830002964585,-17.29792042535821,-84.41283435065448,-29.76481642573185
217,-12.202767464434139,-8.717368521575978,-3.6372131677843584,-14.604470612638382,9.17448342227516,-9.784641340210497,-24.035042497216384,-19.655476058066238,-10.35087049381613
218,1.3692863017936823,-0.03178807750360632,-1.3387067200275424,-16.744000907253035,-39.912317282077225,5.858411927935441,32.53293408007906,-43.09565391803324,-11.501532138380416
219,2.769004742615876,1.7269704209918666,-0.4598378410913141,-32.990513897925986,60.619959268758166,50.18687962297317,47.555072178857216,-50.573586183740204,-14.81731504490577
220,3.5882936214446963,3.426183224732519,-0.33091020617285016,-24.0436781392948,-8.39201439690871,-5.821472969158179,8.112781730341522,-43.93005992680701,-26.26248967164416
221,3.66991280228858,1.7847152709543472,-0.26971875605561346,5.088468696400532,56.81452824790128,47.329745129003264,-52.60397903073307,-12.207113457296039,-9.859925635930203
222,-16.588814402989847,-0.14757147658607123,-0.6323576179637594,-17.286551414123057,11.902069185459071,-15.771299756940552,-24.144602689370068,-10.335167321398394,-21.74907123955426
223,-10.740319500777739,6.08674704934327,-0.9943631510284036,20.64008903829144,21.59812456014752,23.8595777073293,12.903178697097157,-4.0338491462158395,54.06744801234637
224,0.8069834844746039,-0.3372963380037096,-0.6320297575299229,27.029696703287406,-40.83186117998642,9.168933057593572,-34.67632753468852,-46.35649020280462,-4.814974965809327
225,-16.456669038085877,-11.125572528829494,-1.0481764458157776,-15.13978618168054,14.929341067208798,-4.590652256868399,14.322169981287747,-4.780611899518952,-22.02340943116444
226,4.739646729761333,1.1720792754118203,-0.30335708757793817,58.24471465934745,26.861189711236264,11.931320923111253,-38.51273788329202,-43.759285219362006,33.27306215789692
227,1.726904750813994,0.1974087323443901,-1.8412016332052807,79.76945129971314,-56.16756559456142,20.346570925016692,-58.59497714483154,-31.07448003492768,21.034521966170747
228,6.673938488662739,1.5372096969806044,-0.2473972554256684,106.99102269370947,-1.345994713558107,90.83874623970578,98.39348820171512,25.659564750476605,-28.043944835733438
229,4.153204258436447,1.7613617468349314,-0.19476716307008948,-3.83622021513228,10.695757363461563,10.351058140659548,15.474380790272347,-64.70734426965018,-54.620797385279246
230,2.025815767963801,1.965127102198548,-0.43713913676538046,-26.3743087124539,48.783413671144466,5.900507974107978,-58.668965088317265,-6.612677023619496,-44.4551412877257
231,1.782279583982224,1.7669230087006216,-0.5372852297241867,-36.39766433657346,50.336359621527585,-2.272738261949373,-63.443727601491645,-13.11731588394354,-16.530197633995176
232,-17.151447146796674,-19.315772317614016,-1.1226044075624422,5.383928262662735,43.018429417584635,-13.987065538554711,-57.008779318335066,-36.78993013399919,13.179874449147796
233,2.0243758129406344,0.09133281981518568,-1.2010790620583751,-21.2449604709645,-40.61015354018159,15.279244672410895,4.583182295925852,-61.83455874959503,-11.390750511760006
234,3.069206548888531,4.211089596160583,-0.39615542048195307,-28.3626065201028,25.303474474760815,63.59737520478418,-99.92896213408079,116.00771779865144,-114.5245062820471
235,-15.328612346243256,-5.564988174594426,-0.7662174698821619,-46.88037801214593,11.687105538675073,-17.837110934105027,-40.8283137381634,-21.70854729424624,-16.066304302761562
236,3.928654919800876,1.4014653415792258,-0.24904560553666366,35.96311521265119,53.18081925215981,103.28208079375023,-57.523828655545216,-33.98783928130833,-18.29878871101808
237,4.333833867594056,0.9535941184192437,-0.269921154856213,-6.507435886895129,-5.099040277365905,14.993490150743089,-16.947126094677063,-23.915161723134762,-20.985599733294233
238,4.009815163256862,-0.3583432296598371,-0.9067555902116803,54.96043976309141,-50.16314176127393,26.144507165709758,-86.07430563971204,14.20204449387046,-15.087627098537926
239,2.1362229416806713,1.7929749197725569,-0.9080713146335965,222.8742830474197,49.37281600700318,25.801285922298,-127.057836383129,-160.7225945140334,69.1375526401549
240,5.843659711996362,3.9260195411819536,-0.24761501983748738,130.47949860793508,71.5133115543724,189.441285784584,9.098593079529346,85.23101336628956,-44.0791333595182
241,2.3217252683251117,0.020301651292075108,-1.1456621652494514,65.2559885760887,-48.56647620538086,8.268078334309855,54.67657553554765,-39.18865741171491,-22.255240316685107
242,-15.563736589784066,-3.9681191343439433,-0.9815235102830743,67.12310102904756,14.54575423775325,23.415580251035806,84.44094415609477,25.509273298832372,-14.074640471819711
243,-0.8311550287811935,-1.2287015393006453,64.45946245145514,59.10892871948297,-34.23916441198012,36.31331171791649,26.840490442095593,-61.35626808926552,30.659729004910254
244,7.855804162659928,9.124020056940353,-0.285949482194368,872.3618222914781,227.9681650760948,465.440019437885,920.089545812151,1084.5515325980457,228.24167331347294
245,1.8505654235714923,0.10694079599511809,-1.485899438004116,16.432628824808017,-39.60336690416457,25.71513769218533,6.859010667213655,-31.494981150676875,-18.173402644394976
246,2.2338910432972563,2.0142635934989883,-0.4268515145979573,44.076684003795656,0.5356610926401235,21.77772339326879,-48.893851336515986,-80.224476837573,-48.72641017128077
247,2.411173744889315,1.785863324843499,-0.4394903479234171,-24.808377298288004,-10.38732241841796,16.82693805513317,-8.741640499573538,-44.04387326733475,-24.816638026795268
248,3.4856026442091586,1.2987667739404014,-0.44679308035992665,-37.69062485058795,50.673825453615144,20.27327050090753,-7.885671229625823,-67.62828263271284,-17.493460312852605
249,4.203541777237691,2.0847520969548725,-0.4057209201461287,-55.70808968130867,21.473594586882083,23.93030766018676,-99.91852807172357,-61.14787919846675,36.389655016916805
250,1.6977277625037654,-0.8509805699725954,-2.7536496699040898,-21.101965279132003,-45.24536115262111,11.248088847479712,-53.893022345033344,-33.343903686067954,18.294699359280692
251,2.093143020567833,-0.15732914793603256,-0.9384162901741031,41.50734974651459,-43.05862506103768,42.0051318129327,-28.68525120317283,-23.686406761591904,-8.382962849569493
252,3.406874120047953,1.1782386346548195,-0.20776701032195713,63.16004671028095,25.038993045341627,127.76107212128164,-68.2390759264875,90.85738840945788,-48.479136837722436
253,-14.432960137950198,3.4527237512630884,-1.224336132230539,6.052067571706856,27.312848099405855,0.5671993555889223,7.177098492714583,-14.805867594819897,44.667859860854406
254,5.499481083607206,3.84576138900804,-0.20285311507558249,127.63210318436269,75.11444286750371,130.0678088331082,79.52480932666893,84.90210682976192,-29.82702713241198
255,4.523854616058239,5.888925103875203,-0.6312463895164155,-87.05933176948042,56.82305000072902,39.54137689959783,-47.278145806469425,-77.97841374236276,44.406564354101846
256,3.1928163876014395,-0.8230705690902161,-3.153730694829931,-18.43936671194547,-51.92103909814665,29.138268600602387,-3.1351023815247316,-29.31570121095131,16.793558944817562
257,1.8431013953976494,-0.2902909658425203,-3.441174757517227,-50.626262477504675,-58.443008523858424,30.62876473845015,62.24701958468911,3.9740400714185617,16.14444420130042
258,5.053361961159,2.839541518083166,-0.2585963549372679,-27.01331885303748,25.240651476859256,68.67797447722462,36.2000723919732,-11.740912317859111,-102.50214103293239
259,2.400958653497185,1.6863590989261854,-0.5372852297241867,4.9991337981669455,49.273111041714934,-2.068760001905318,-72.30294109650059,-14.731740404295468,-14.092202593346649
260,4.260110506208438,6.428901293783729,-0.46783712536392097,-50.797965498833136,85.06943206290484,91.36704878500555,81.5621447295282,153.8519401923589,71.00285832094042
261,2.360743284109648,0.10694079599511809,-1.2212230266209436,19.477294033255976,-43.46799993786519,34.366828603967996,21.568613641445484,-19.063483024698332,-10.001081103056666
262,4.4775616499879245,2.5217034662502376,-0.2861483014109453,-60.73833140316522,7.994699219244131,51.62804656433909,-30.587170838630904,-6.61442578878602,-78.69930130129521
263,4.203541777237691,2.0847520969548725,-0.4057209201461287,-38.738409535310915,24.551794586882085,23.62230766018677,-103.44474155105468,-73.38754586513346,36.80565501691681
264,3.6039618390157853,1.2952354434935094,-0.20428370077475871,64.30556645106738,56.53479220828288,126.51929361928826,-34.330140445740426,67.70689557212467,-18.2846877202242
265,4.171686654478435,1.1708429709719665,-0.4854725778224454,-42.74268284883619,32.238043824821425,-28.986721526926758,-50.10523373090373,-63.193577648687786,29.559748149438153
266,4.402637456697446,-0.4493220717895742,-0.8619936854497756,4.793467287498222,-63.47994352251591,32.06225354324909,-72.94469182661356,34.27945311184493,-14.925227026387848
267,-14.858900184218902,-11.612991148702198,-1.0337580241541253,-13.658530247102117,14.402282928299622,0.37239642750989743,-0.5627930758051022,-29.962609139411544,-19.598464269882474
268,5.084287696624505,2.5940435527098407,-0.8605630997505992,-6.479471820253066,-75.35304787418625,42.86502353162667,-20.08718795705266,31.405377641214454,-16.58182840439987
269,1.52781638760144,-0.8230705690902161,-3.153730694829931,-27.57717968138344,-57.5173874875024,31.91676159780127,-11.009202521580756,-71.60659937596714,17.04922561148424
270,8.943032737185957,6.1296411480375514,-0.5548762221211072,-56.37756154983748,119.94227023947535,287.9315374994685,-192.9996121666576,370.8620795009407,132.64012208004152
271,1.1850164397892538,1.105613713756951,-3.8144230025222376,-11.924584256122026,-66.15963113915588,45.21186822629531,89.38045291093566,13.221741413185114,17.94057896037094
272,6.453124471433667,-0.6417037364683504,-1.5189216750740089,54.01179456699156,-112.22581560675918,129.71892567670585,133.13905785332605,26.694299344753688,60.715872371623796
273,3.778655942736269,1.710052180972697,-0.3763248903441325,-39.93175002428866,56.85355347913825,3.7951957078656573,59.688563650414345,-41.34684163938423,-10.134471140577112
274,6.398191385459131,0.46428717527920865,-0.20263535066376367,-137.12715446172638,-0.7045067331482384,26.807276232057017,79.57653220247686,37.05441346313451,-47.419770646335266
275,-19.997347501261572,-7.539419145796856,-1.3638381677843583,-12.522232001809716,12.074943394346052,6.7163571736727565,-6.768214155715286,-25.61342956018381,-10.280186768934142
276,5.364177957680189,1.2015163216938856,-0.3500769051597007,-44.899559436522594,16.419157784394855,115.30854672269601,84.63380655914732,-154.846535450793,59.705599713396104
277,1.7842164202586832,-0.43201134527295704,77.4793842510625,21.896006780340954,-20.912477258053272,-10.804303177186199,28.736004587235772,-13.52185274091578,-9.878334250936636
278,0.4192944961257872,-0.5923892865242039,-1.3849581208821782,-0.8410597548606382,-43.880192430865755,-4.935093643013003,34.11866200847082,-19.90478664580939,17.097156643891644
279,2.3057532645107592,-0.07852524465744481,-1.0015204431743296,-18.166735819848807,-28.45711585560181,-22.173535646638893,12.935767775222441,26.432083928680285,-12.339538691959145
280,2.3545845437847115,1.052570786744556,-0.4906213363276106,-53.6641381988375,-10.110091483055129,-30.99699814349921,3.0752154077314025,-17.63906777614658,-21.474820533861575
281,2.8196292979593056,-0.0340155472738656,-0.2984606084964578,-38.38175108530862,3.640501714002063,-31.52901955442008,-12.074557703862359,-30.21747675941982,-12.838216486647097
282,-11.206833476698998,-2.164256962880471,-0.8610185002394664,-21.587936425356023,11.858936349788557,-37.1350382353328,-23.940406385733613,-2.182359678703188,-12.734453418310903
283,3.0445181758642885,-0.6635471077135876,-0.885203573526015,-33.994242476160885,-59.65544891164391,-18.72415283431976,-41.92057019636512,-20.163072970031727,17.38835316042979
284,2.104695753255191,-0.2889560059142819,-1.0123452100439017,37.31083248487309,-41.76359288019135,15.968447802637623,-47.46098316340089,5.4703132402288235,1.8082212450887538
285,-10.348818880131779,7.5013024189415916,-0.9690493615272137,-42.64133308498185,12.75082662794563,-33.11015505229266,-1.5387586088754146,-10.148071988952386,-12.16930880359284
286,1.3652685294326679,-0.4695257302905522,-1.7163236429846098,-28.952010486230453,-47.713212585915485,-22.942876355111817,-28.00184906672101,-40.65232776461338,12.379490368967714
287,2.2488453064155025,-0.248847014833116,-1.2569735056005045,-33.11283817740691,-53.890101808935356,-12.11024022401663,0.3844507964577548,10.707060865711815,18.751943695407157
288,1.1688675063505525,0.16237419611842557,-1.3381620459268315,80.70719819052117,-38.81705674873396,23.37405564725384,88.5232084170962,54.40556393753508,6.830584166318584
289,1.151921739532713,0.16237419611842557,-1.2674727352375208,-34.66039363241713,-46.87415512944828,-16.492943862788934,40.34741049631436,-49.21658864218226,-6.193519163358277
290,0.5123051894114082,-0.12363903311882256,-1.1875414347821605,-48.65713411501968,-48.28855000048236,-11.573094698940865,23.47265603503978,-48.72697930491232,-5.901389370661887
291,3.3792419926714925,0.1636600094379518,-0.21494765774927604,-56.665452095259894,-0.10988999268042465,-47.7649963055577,62.43900289301999,4.219178930530344,-13.09916450787938
292,0.9640482171971613,0.18795920849028833,-1.1866793572482142,-41.89811618195105,-41.762217683883314,-37.05668007487883,7.164670681906613,-49.132398458016176,-9.143953085083421
293,2.9611753245495342,0.12397620478797021,-0.2706698799714983,-46.522638325239406,10.343045968922887,-38.72439888176449,-11.341807956482004,-11.85285338494363,-14.049195803326308
294,0.6641014901768538,0.20992366690842518,-1.7405671508493272,-37.50124413415116,-40.01468170532543,-13.455490493469418,-1.0296017504141108,-10.136165218565926,-6.099641437776819
295,4.030446810654035,0.19904480365173413,-0.9137354157018024,-35.22656096487178,-32.40613430085648,-27.128666638578114,2.808868309769736,-16.4429253465209,-10.503703991013381
296,3.8995699532291495,1.0907776409834138,-0.5170085120351902,-122.15781398239349,59.00952452038759,-53.80398121296802,75.10390620530607,31.511843542390952,-75.74018488836741
297,4.0067812178200874,-0.02474436667194091,-0.29825820969585803,-68.20577927181853,32.76397831326986,-42.316629554660224,-9.44537240384667,-40.78394185338123,-8.329400604482425
298,2.78040430644823,1.3016366543824598,-0.3560410650689826,-18.23205170042557,2.596738488725522,-18.83427788735179,-36.84355506301019,-29.616310031180863,-10.259910435985754
299,4.067953750640135,-0.21361263211790932,-0.6111143032264102,-20.80960050108733,-46.470180318629026,-21.561479493846317,-42.38680615432104,-21.346080478517187,-7.772446602361842
300,3.0921672840973113,-0.016454570696148828,-0.2612400347116781,11.524314310250807,20.30883096998933,-6.570384579686058,-6.814257526405173,-1.220564278471827,-9.46577830783349
301,1.6458348512522438,-0.6372136083343237,-0.3435988988597362,-25.492112810620412,27.680337342295534,-62.41645885094619,-35.96281145877066,15.360024029798751,25.742632670717875
302,1.8554056761379665,-0.40847159795937205,-1.26532364298461,-2.712504609180803,-46.75071882806165,-11.163258714013232,-12.45413610658211,19.19959725934482,16.016043829832025
303,2.7637604149410113,-0.6893234071623128,-0.35049706837211936,-19.04327172876163,27.691871040763896,-44.97233196210785,56.04294427476268,29.577909457936343,26.485572244533024
304,1.197221219745986,0.16237419611842557,-1.4003298780946638,-59.286001001724934,-41.596569048862236,1.421927706666821,53.81514527434071,49.06061868291868,-0.12775388457575598
305,3.1767398495510317,0.5370931339312256,-0.2149840409999584,-32.36123569293149,53.22130325675032,-45.7614544358368,46.195282629308714,29.87114951962014,-8.347260952860093
306,2.866730638312304,1.065262608533509,-0.38844859233776763,-19.101854167969893,13.595538626695317,-38.881083601298336,7.375404826697849,9.56736498126023,-22.052282053360162
307,2.6479710188127292,-0.33825637949826437,-0.3710703323897479,-25.69982146320025,30.994665217304533,-42.7249490097221,11.897737306891457,-31.750153116562398,25.59051002489711
308,1.5663008249415997,0.9530665608272414,-0.5884162181283802,-20.82934509127697,46.76627689927093,-46.78642168946224,-46.85722617547243,9.38900019100076,-10.226602035167438
309,2.455051326017166,0.14526825231979706,-0.29825820969585803,-13.385390746083994,29.755955576422338,-26.09181231251824,-26.72313793186121,-20.023718943104903,-13.087323744962022
310,1.710784620807235,0.20992366690842518,-1.3955081307705033,-51.51571835228152,-54.08053468843453,-12.894913374308093,10.660426501135813,-17.700196890275084,-11.617630086248694
311,4.115905149444019,-0.02474436667194091,-0.29825820969585803,-44.887812867308035,32.93272831326986,-41.42099824152889,-0.045765621739887755,-41.11382331505682,-9.720597574179397
312,2.7679509319045246,0.8774795953454024,-0.2610376359110786,-27.241928277789775,49.58248334398226,-10.143562514293858,-72.77669792301873,-9.687966815312686,-7.480087438373028
313,1.527120413129911,-0.937166951126797,-0.26364484238281993,-36.458557061669595,32.214219650595254,-51.497068457380635,-48.65476956498971,25.935789905850307,7.300710174507169
314,1.4289331091176465,-0.6830970200000651,-0.991243655290409,-29.430713165591,-49.082379567319585,-25.665921162828063,-27.405539634981544,-35.610662164895096,12.237256528321197
315,2.623925773596918,0.16091222252957316,-0.19560258063022384,-10.694780472767802,46.543890545430685,-6.722651334537675,-14.663337327184529,-12.532552889683435,-9.173170670220433
316,2.0836855362126894,0.8554882339013065,-0.2740254718735546,-25.122391537674083,55.45843820604769,-19.62730587275511,16.390987958661565,-25.379677210994586,-9.128566574992846
317,4.192466233143348,0.041167109823576215,-0.19437439373164717,-33.05492349936812,-10.312139138017745,-44.8407521676276,18.69551855465261,-3.235399553522622,-13.354929878818734
318,1.1834069008745356,1.056345646099862,-0.3102842197621512,-17.438024623506344,65.32120479879525,-31.050638243992488,49.4312016045035,-5.699185107534859,-4.807393488944268
319,2.439916623549699,4.667550994436068,-0.37475604073754587,-16.940275444614215,55.56398835668252,-16.219852428595,-50.46287598068614,155.76317745332958,48.90975973316809
320,1.1165466552444605,0.3104257457844118,-1.1249174524863093,2.8731559575084327,-60.08628956535935,-34.55373808493615,5.0365797888655655,-37.414040432297305,-8.461089345790677
321,1.6370576843061444,1.0755330981213644,-0.3937971705093327,11.62489365491707,50.781031697994614,-36.26855872008613,-55.714906824859625,-12.240467716062184,-9.064152437288838
322,2.942923516576585,0.37155934902450805,-0.36465620603951043,-57.06174095368402,15.576988707548836,-65.34740586747021,-18.292909040084563,120.53083552554801,34.78103823511349
323,4.261826265195342,1.2336247277009562,-0.3973434826835343,212.09555807873173,63.99429639150244,47.74264047310947,171.5520594485312,301.2446399040341,-5.200668539588593
324,3.34619037241653,-0.27081672746965685,-0.361172896492312,-37.32181071851481,29.333525589592423,-65.81285292547867,70.2801440362441,-84.47325412192313,12.346680658158574
325,4.317571816110685,0.09772217062218254,-0.29825820969585803,-35.50342051617632,39.00077020354334,-38.92423913117836,12.34040480205972,-70.98335793140008,-7.730559937352288
326,4.057153878688529,0.8085809790747992,-0.3374107528262821,-20.860973072636565,-13.775790743950262,9.512634909495066,-44.68906004387159,8.256546562165372,-21.740048449606007
327,1.4989601391152536,-0.06814478405228735,-0.397301811410273,-2.7284609386387917,31.919059017989078,-8.455173495457489,-1.5614283220437903,-44.44383750620568,17.562960967237046
328,2.265874563565357,1.0904497950299044,-0.27596842364848284,45.45092064938017,62.01303316906688,44.26476187090732,135.68748640405832,12.203655982978502,-3.8435807448048376
329,2.6819760751787305,-0.4243404220501033,-0.35244002014704734,-31.007445986080313,23.29079824566222,-34.513393195371904,21.25340662734082,-14.009480166869203,16.87755210886987
330,2.064361408383192,1.2754030705552537,-0.3316906458707049,32.00386439174538,43.723854376069774,26.160770809788158,-49.44527237952661,-11.882765504378725,-8.471892260232657
331,2.5915239783220296,1.3748442441386637,-0.2553204784753964,-56.64043060747747,33.732807956450294,50.65372003468007,14.628958660276131,57.62567941005027,-24.6651499314315
332,2.077437810137692,1.2055931294043478,-0.35948137439566447,-43.419848792737334,44.259047292800275,12.033660131978449,-65.8108868082777,-19.152019311838007,-10.76686881053901
333,3.013762068403817,0.6854886240338258,-0.27986667950443944,-15.51362776746637,31.63802874452924,6.181395773729568,-42.96101801913188,-36.623460864146466,-9.224068613914227
334,-18.503104264973047,-0.3602739245677745,-1.3659808069605208,-27.842799678756244,8.224285754876059,-33.336112033381475,-15.30402495651296,2.8538047716629906,-12.699161594853988
335,3.8763962463048363,0.2889616495375684,-0.177174667188123,-12.517244507615839,-32.482757545946896,27.863825632835116,-1.5384927136017903,65.48524936551593,-4.532130193307695
336,2.4760048605599856,0.7368979060888127,-0.2568257453300302,-32.98502647903774,49.49955915797254,18.247095285780325,-80.71133719605383,25.10411044325637,-38.51384496670337
337,2.7498300516881535,0.39582015312588165,-0.24240732366837794,-29.359120495777915,47.04297527957072,-7.670087356503508,-38.45925201551467,-53.783258123904325,-10.867866902482895
338,2.698821239611649,0.09135929629925069,-0.397301811410273,0.04044739719345447,39.67240676604429,-11.340094073202428,1.7501777644906662,13.794627259952758,21.956189427553692
339,-0.500994895823015,0.3932057149940731,-1.2680742190399892,45.53388610809994,-57.413371626342304,52.64098543645455,39.14834427020779,0.8252982783323399,-4.052645800350287
340,3.2453646064015738,0.5245772102413887,-0.19611494670597576,79.04452814974103,54.41792034200013,8.392162735729098,30.479432893921892,-84.36754866413499,-4.873689060661027
341,2.340534180055963,1.1712364038885872,-0.3316906458707049,65.46604120742107,46.33106321489976,20.082974296214488,-26.567715186359997,-57.501937519985404,-8.383872683730726
342,4.089132605603331,1.1071459026263772,-0.41992241732934676,64.80757636801196,-14.921194150226912,16.197250963425592,-18.3623339324796,-31.217091783781502,-14.203930289316785
343,3.542042047012564,0.8907366960236683,-0.42239606119211826,-88.97133561030316,28.896709197211326,-70.77531194715553,124.94046528048993,11.711539419110744,33.86418424533565
344,-37.459783753260204,0.8696885922911137,-3.9178139358021187,2.203374741674137,-37.86948043981394,-4.84994175055568,-0.6866895545344531,-31.465043512611857,-7.897677120853922
345,2.1917861168109525,-0.196639913076803,-0.32486800708262625,19.167989545651825,45.85761084846438,-3.8979588881530898,-84.1751083977796,-15.434760549354259,4.288582511052302
346,2.880489673807301,0.6360094092374379,-0.17697226838752328,219.00848586683708,64.79072698975844,69.42355392303641,19.56524439408506,131.60893092138912,2.4201643567697455
347,2.183513210991363,0.5699315345748487,-0.27251122920099796,127.6937253388801,54.91220299182851,29.344909870906555,-217.88776161003474,10.402306908616838,-3.7296837500293223
348,1.993697126837916,-0.4929726032038547,-0.3904036418978901,17.666785215563337,31.314743390885283,-23.547972919393967,-62.413485199162906,-21.161107409447148,14.967349306352313
349,2.601605459791805,1.0312928049669892,-0.27108064350182154,293.0401072466524,66.77095396085826,127.32865102180283,428.47570519693693,133.2558807070664,-1.9864824880407257
350,2.4245131733187693,0.8555844106257673,-0.24117913676980127,11.470501371388886,-12.198492577050128,14.997647276250854,17.13882908139989,-40.09119418146165,-10.969576151169509
351,2.478719370626217,0.850782504398456,-0.43229349708955417,-19.355717845158402,46.74900026042606,-4.002737602105888,-10.877923587325249,13.885250971973885,7.081552690787565
352,-5.957197840033675,23.68702431757595,-2.9028760033183576,10.117173042829364,-41.18647804907075,14.357586860152946,3.44055444256925,9.375454807728905,25.285391688099423
353,2.520212370027687,1.9339731418906663,-0.3509224419158744,54.203607136966106,48.48305241345307,28.622735334555806,-4.703649498734455,12.888930438445428,-9.391305628155374
354,3.0388423237077222,1.6241223381619572,-0.3843441596696939,15.596100900340588,-32.46824858835084,12.926576433239928,-28.877009235395178,42.090960240749176,-54.7203669862506
355,0.5961266464947084,0.11628529971726685,-1.4115570420986812,15.601729578123653,-49.96055620029298,15.329980125214874,4.620976316229763,-19.81132449698033,-5.445026959875211
356,4.5410374096089,1.432744449696037,-0.35948137439566447,-102.78634501188475,74.91288879302995,-45.878521121552964,61.7507541396276,54.873483024879505,-11.34992704247548
357,3.9094904203503,0.07341226604581973,-0.27983029625375705,39.40136338471613,-1.8664894551790245,22.1503711440907,6.671178041761149,-11.54277270256776,-14.810089536430505
358,3.4706353771694056,1.205544210348719,-0.3374107528262821,42.0941651615493,-22.551616423419393,10.343872111670779,-42.46957386157666,1.957549707282127,-35.6415322636649
359,1.896328742633211,0.6302257357680502,-0.17697226838752328,-46.24872524587625,64.86710679260692,68.29110560892813,27.5447291083848,110.77314411991654,1.8296906725592204
360,1.7865354066070578,-0.5398517782920758,-0.7472762367818759,21.157105036119706,-52.83992121615597,14.703209999793305,-28.594802563794076,-44.910969473605604,-5.81739590735739
361,2.110458914393907,0.22691806690948602,-0.17697226838752328,-24.350264773787277,41.22365998353528,-9.00814091020908,-58.97029192979996,-7.775853120140575,-10.602880695981185
362,-11.309140259707055,-8.124430602357087,-1.0337580241541253,-15.72298309865481,15.45765767936982,-12.698273009669558,8.542850622261794,-12.378940926441071,-16.076349114114823
363,2.1768324483776955,0.7851365806965191,-0.3844083211382546,-51.73087446267954,53.64334947707153,18.597519581448765,-28.216128503251003,77.53656279684454,61.46864366916285
364,1.469279881079779,0.5148885981113166,-1.1189005164011554,34.37155034153962,-47.202775837889206,-27.085857124820237,27.359488437736232,-10.812080195192612,-7.7489603176306705
365,2.280225932323653,1.6189175385967163,-0.32770636963988353,6.222926113974976,39.96985695318396,-31.53822967021978,5.451888293103997,-37.391695693509874,-9.539549831280665
366,2.406749082741714,1.432744449696037,-0.3519507859906413,50.27778113342901,52.11170887399186,0.5574830592964066,-27.624417802740602,38.839537161256445,-3.433001905147159
367,1.3013774196998442,-0.7107527222883917,-0.3233957951639283,-0.33233592795664274,26.682778685515142,-9.797784727376747,-21.71444970701551,-57.559993724660856,21.521189765780157
368,4.345110814732783,0.18068567142903888,-0.8718890311831111,-25.14524409524736,-47.54592048995658,-37.142319798840454,6.522736820205896,-27.79132842422223,-11.525198200384942
369,2.282042147347526,-4.998938755854691,-0.22607013985503582,4.467958437971335,35.24039976293557,-9.58120869335782,-61.09174316036465,11.026503526706636,23.50769014100417
370,3.3073961863272054,0.03247839320866755,-0.8194596390172737,106.55390045105027,-29.65605850285163,34.313441678052314,-0.355402190031781,108.36632522070794,-27.31598833091263
371,2.351703058186134,23.5740484122235,-0.8696984745485976,49.37814205315727,39.84545111564243,52.09664354755678,-11.142183163069015,13.09359438483267,43.838932332551856
372,-17.162201923697076,-9.977533931003855,-7.487328208557853,-0.6507629133812951,-44.855078738463156,-2.4639273619334636,-25.153923005330164,-28.38793716322369,8.745326512123606
373,-0.7588761110887097,-0.07731142158954173,-0.48152867143386413,8.019204472524105,-44.28795079404363,-20.70509289707147,-19.47409666932652,13.506333890758661,-22.75404853219596
374,0.1527717680089417,-0.5560526090832748,-1.3472309167849663,-23.754158505065725,-60.86328432479328,0.6497835654512005,-8.71284872786536,-27.181961279036873,11.959614295702414
375,2.8581309282717053,0.28730881670687636,-0.391830116829836,41.60035582448977,38.48313435321137,-11.928337106935254,-14.571938901916361,-10.649713366008195,30.56952283554298
376,2.4321094092071296,1.3571675385967161,-0.3208082001275005,-18.266288565759606,38.67268604586987,-37.2018095803166,-0.7876327362194449,-23.811299441611826,-21.667491203105683
377,1.3977863888242616,0.41168425519861285,-0.39635110259405204,79.18136921142633,40.95750450367831,43.70112669857296,-48.10996914592064,3.866244241965389,40.247238215381934
378,-0.03427682100325288,-0.6376787602084141,-1.3402828500414112,18.33368487245998,-57.77708373344149,4.419910036070132,4.176473749946297,-20.500549369509358,26.346436142260565
379,3.3249116375103673,0.678832094819577,-0.39635110259405204,233.53005111673187,69.05126129028785,109.93426422751993,347.5105827597003,333.0940265112098,153.5340547313472
380,3.0434227065741437,0.19796088007229404,-0.607020124334664,20.589379717151708,-33.66283217926337,22.865931261861718,-47.31536280187459,59.23979946925468,-25.822812329575527
381,2.8042738078974754,0.5410047676214974,-0.20487128618842287,0.12279006909023946,49.120815509192006,-10.097317011354697,-32.230717598586004,32.20861550628768,-35.51796049742672
382,2.7415440142593606,-0.057617751191058504,-0.8533271665390352,-38.88893760264628,-47.57292500370853,-0.04782978921482817,-4.467931083187009,-6.948229641229983,-6.624779376676227
383,2.018981772061566,-0.17549367382435033,-0.15375619611153243,-50.977878428144784,37.77779421557524,-49.252898996965826,-20.21359612877188,-1.7368856974609566,-9.379633599824434
384,2.724289573030876,0.14009806923775445,-0.8533271665390352,-44.24162861200666,-52.229417339192814,-15.493415518313233,-2.292883516691881,7.020197597416793,-7.747279820408734
385,1.7712885093256465,-0.6596901067558214,-0.2913027963352909,-30.17161466342782,31.719350038478964,-24.56539602611791,-13.490733456147453,-25.221281264252433,25.55601303176521
386,2.4050067092662797,-0.08225148345571162,-1.0138577079962996,-46.557998492203254,-49.17737047387647,-34.99149167469561,6.979746258011843,-0.973827524536591,-11.62132234398113
387,1.406613702006431,-0.19882579847149665,-1.007616786033762,-33.65688955909734,-53.86841045752951,6.493006978582766,7.839079248867374,12.943879556416073,21.125796381792533
388,-0.9807798634152428,0.036299392519241566,-1.0247143177740028,-35.654313310970586,-44.99435585355635,-24.371310569823656,12.241315629033227,-22.662772482307133,-7.682735357172402
389,-0.1041517529988641,0.3804175255877908,-1.5055323044107651,-36.09312891249359,-51.318379730483244,-10.195365946473599,-18.926580572795302,-2.1589183048871186,-6.881726734512245
390,1.728810199104548,-0.7007923260376777,-0.236543569174629,-55.046631201117236,24.364364081272868,-23.673809696674024,-17.557142866360472,-58.257246701120344,22.84562534664003
391,3.7998745034219534,4.726657852016877,-0.3165994449177356,72.32376230727333,40.36080358907169,22.70784970376681,237.13508960448513,21.236779888535473,92.88241526287965
392,4.00240225751261,0.12578046329474699,-0.873080834831005,-21.168617462541544,-46.91356720175892,-29.934700247031753,8.128300654071072,-17.129276325028417,-12.700608037153716
393,3.2190439955712415,0.6673871455551352,-0.2336096730540393,-27.92848206612877,49.073465712680466,-25.47691075474903,-65.63309269353694,2.9465742803841732,-48.56174268018918
394,3.038965141018488,0.7185015821219793,-0.22855103576119698,-46.92661392862383,48.20099720205344,-35.46118352467996,-62.82727325429407,23.216912743144707,-7.995121658446485
395,1.7777251194660675,-0.47218272510210696,-0.7033160433420748,-22.773723214296172,-39.587933505561516,-10.103159389586343,-13.904289252030729,-41.69781177740069,-6.2986759456133585
396,1.3064576636415308,-1.4595438896143762,-0.20512361989062608,-65.62706144178426,20.749184838311233,-30.668135104049085,-37.76375828614017,8.42133488295305,23.583278223105733
397,-0.9551764461092335,-0.28219941165688156,-0.7033160433420748,-21.156271339388745,-39.75952758617351,-10.574786447615917,-8.655107160713598,-33.93894793376313,-6.508034364703836
398,2.4378777646272947,0.046328179224484727,-0.1330120749477223,-51.03642247704051,36.03590318613207,-47.51966450275783,14.914092424112427,-19.69389909653964,-12.104570136277504
399,2.652043355795612,1.0447599513181214,-0.24912429977882564,-55.22050659515337,55.073165791536624,-63.1021500992004,24.39826385196891,37.118268966736615,-6.928087656690227
400,3.8839056854904146,-0.007756621228131318,-0.22918019345545323,-75.68809287859375,21.948734124246716,-53.70849906250657,-7.627442889349238,15.94249299323945,31.7424721086896
401,1.3918678824337178,-0.2379154723845401,-0.986872664869952,42.29176928592076,-49.69958295742021,6.473304189867792,15.101676451646348,28.029980487773937,22.072406063565218
402,2.2434484876266745,-0.8281063809723896,-0.9801023583464694,-15.642189682136507,-54.10055202412831,-11.51975896521792,23.545108666988828,-31.636332748243362,25.955118270962522
403,14.172140217720807,2.056599014102123,-5.406912374248195,24.23454427424093,-22.343060179776135,19.551659994316232,33.79843614139626,27.76734949770746,0.7858766810735727
404,4.132579262893272,0.005236497991114588,-0.23709828971253266,-27.225124958795057,38.3793831104992,-21.63196805170689,13.107299876742056,-74.94848528848917,-10.378522226222254
405,3.48520006908262,0.49971772774885304,-0.19844713022857693,-49.657108968996766,42.90330046562811,-38.80460508698018,-30.795513975685214,-2.8404024025214722,-8.065507431514302
406,2.1125897666313658,0.10846616894725711,-0.1330120749477223,-45.53244015142356,35.8705379228769,-43.22334770822461,-2.042486016107228,1.8753382389617783,-6.179012880181146
407,1.6553589443186647,-1.1307235428424944,-0.27055867517148074,-45.43062441860089,28.92637328639556,-30.75603826054708,-43.89523094392858,-37.57083039414992,16.138907271059317
408,-27.563634860364566,-4.6615953847725,-2.7363365273267717,-21.41055617690499,-30.59375520018682,-13.41122391398139,-13.05448708851222,-6.584620872636011,-6.037156708781679
409,3.6872470230402863,-0.07607676856586452,-0.30913604325744864,-33.37228596409399,6.347456757310962,-30.795535334004235,9.683415570911713,30.288204796196936,-16.006656771005286
410,3.2107880799775703,-0.42893208054100385,-0.1332144737483219,-29.45895413105677,19.522923712179374,-40.56050314724009,1.5316033087725758,-1.5427575401645448,-11.554320461645696
411,2.642221513545197,1.0585295103508379,-0.24912429977882564,-106.5769236668248,57.420621870435774,-62.067153334998146,17.420103335624354,39.968832020301825,-6.780473682123126
412,2.182061324519847,-0.7401845043604147,-1.2755013415471768,-42.34717415005345,-54.14378996429494,-7.3652683380101855,-12.001329508186187,9.51684637396286,24.060973374502737
413,3.1090410529976515,-0.16325487422660664,-0.9402714601602362,1.981215418974622,-42.20159016325371,-33.568467036139616,-64.08828715935546,22.446595357467586,13.384985463562165
414,2.6841719946906966,-0.18470318734648505,-1.0599558352889764,3.461579735713657,-44.84347873760473,-25.77663498267675,-8.036825425586327,25.831544114541963,12.274268923423358
415,5.585657007465202,-0.1874576251743095,-1.1128752616545816,1.7375170122226773,-39.80052127017466,-23.43119884612068,36.609137334836696,12.263152335207423,-4.016777420074666
416,-20.97204127790236,-13.675327155338403,-5.074995168017066,-21.787601256410557,-31.355893277369436,-30.54414475635571,-5.622307608381503,-16.779516126542532,-3.7515401071493595
417,1.3041146978230584,0.16437068688418835,-0.9333782444860266,-53.19874023859806,-41.40053268461776,-65.21348065379651,8.317945396499589,-13.658668494198688,-6.014997198976691
418,0.22911469782305882,0.16437068688418835,-0.9333782444860266,-46.384323232033054,-41.29453268461777,-65.14341986428094,11.538950357431334,-9.041720298830091,-7.238428151357644
419,3.142356969404014,-0.1616408623072776,-0.7521990034202539,-54.653323306774766,-40.59179394862457,-44.97445581528713,5.748590629754537,-2.9013684672351983,-8.419532928976295
420,1.1886801159078824,0.14168361245298516,-1.3329978684581127,-38.02665464161914,-39.85825896663569,-35.345951127049425,-9.40095250742504,-4.025788146556123,-5.868127204084269
421,3.3587678181345293,-0.1032541627998883,-0.8846383009687824,-57.29097851093982,-33.61500150572271,-56.489557120179626,0.77431216089642,10.771820408483219,-13.859837520370275
422,2.6426394736711454,0.4757597435137751,-1.037086510429498,-51.3694594576379,-69.77092267892864,-24.291047621714004,29.765598597161706,-54.96391779046347,-18.201597155306693
423,2.6426394736711454,0.4757597435137751,-1.037086510429498,-50.91783541468739,-69.77092267892864,-24.72848553021073,31.70163989358459,-6.895556666619983,-17.892185710026823
424,2.6426394736711454,0.4757597435137751,-1.037086510429498,-50.91783541468739,-69.77092267892864,-24.72848553021073,31.70163989358459,-6.895556666619983,-17.892185710026823
425,-44.9839685443054,-3.3406913788754116,-1.3891240334050696,-29.004655798931786,29.47650167611378,-30.771722872260472,18.26878869594607,-30.76581793451028,-6.872676543238386
426,3.302187243140655,0.44030236581542964,-0.47715500760958535,-25.61175870140073,-40.00055521861849,-20.74691693841309,-36.08954401360601,-37.2107548579558,-6.01167160481936
427,3.3533410892945015,0.44030236581542964,-0.47715500760958535,-25.19517892909186,-40.00055521861849,-21.049288134168062,-30.811788602350585,64.84279397474772,-6.01167160481936
428,3.4387108584142707,0.44030236581542964,-0.47715500760958535,-28.434990893271465,-40.30884688528514,-22.519152936032853,-45.70910341716542,-46.28048647369224,-6.258763392258973
429,3.4387108584142707,0.44030236581542964,-0.47715500760958535,-28.434990893271465,-40.30884688528514,-22.519152936032853,-45.70910341716542,-46.28048647369224,-6.258763392258973
430,-35.428248593788375,-2.230570011382393,-5.533067060897183,-23.081003339095624,-33.080300091593784,-22.189001917235956,-32.80716993035746,-7.224321685010678,-3.845517437438819
431,2.707184351788353,0.05476661724239064,-0.5240754381259954,-46.21047024877042,-40.31229813757285,-27.745835079028183,-41.28503273596301,-20.953600690489527,-6.747838705881061
432,3.4481922298519074,0.26099634954003836,-0.6895945222921944,-28.0589514464062,-39.295665008805166,-22.45632103230434,-2.53710687538527,20.468439716682763,-7.016689477681795
433,3.4481922298519074,0.26099634954003836,-0.6895945222921944,-28.0589514464062,-39.295665008805166,-22.45632103230434,-2.53710687538527,20.468439716682763,-7.016689477681795
434,3.6683437450034226,0.26099634954003836,-0.6895945222921944,-30.554906860273373,-39.60395667547183,-24.413820754804064,5.761441464760894,-44.56870726242745,-7.309924122264268
435,3.6683437450034226,0.26099634954003836,-0.6895945222921944,-30.554906860273373,-39.60395667547183,-24.413820754804064,5.761441464760894,-44.56870726242745,-7.309924122264268
436,2.1716674658369834,-0.8705848405709237,-0.7723857676256467,-23.451988764601765,-36.433913342683645,-40.34534367519315,0.7848761689458426,18.305847919596406,20.31845810282896
437,1.770815227064356,-0.11602848626201312,-0.7220965311469528,-27.793102589495184,-40.090645602550055,-21.512295001436975,6.601414221242614,-1.2059602095465236,-7.902967761336216
438,-32.664391492627104,-6.860912783950865,-0.8235291839071466,-26.386638325685475,15.23965252343631,-33.22666301076176,-14.598053959291782,-12.227967784060054,-7.6848627166190955
439,3.4696289371239257,-0.3069114389306606,-0.7541308096227389,-38.98233049862769,-40.95263780626073,-33.27043687068065,-13.339263307485412,15.972114332083262,-8.784399271066277
440,1.292369306650346,-0.05454687944349404,-0.7220965311469528,-40.763331354699645,-40.05702472299357,-30.45151945009426,-18.20830861819024,-15.21962516958909,-6.969283313960018
441,2.2435664085454072,-0.6412066814729122,-1.001682351033821,-53.462254643622906,-42.67597188712818,-43.9411504666924,-32.44275043256675,-23.218257447805954,17.266340768310574
442,2.462512896578511,1.1360590201184615,-0.24912429977882564,68.65474062025537,75.53973725679838,99.4488885431921,20.72773454693663,80.79432485739746,-1.148240174964921
443,2.488155023262075,0.9556419087599164,-0.24681112277116515,-33.22316940732122,42.18993718240209,-26.876638437784056,-48.0579502501063,-31.240346668457704,-5.722184961450556
444,2.8192462436105266,0.6496856103102964,-0.18506177583810857,-53.17141582200232,13.262210671056815,-51.409234025677414,-0.8122331422130389,12.839415237209336,-31.275979729923023
445,1.5350068211944887,-0.241716964947918,-1.254003094062338,-32.22478902551352,-87.31669318070725,-25.472099027071472,40.74281274280153,13.812986128291953,35.88512886654762
446,4.0249949550124695,-0.3913078467759208,-1.0748534914726022,-32.31704734757001,-63.63553352247963,-17.373241504949185,34.82143759699316,18.282524998547327,32.90965942922747
447,2.1791455928575196,-0.661894009172305,-0.8501491641458129,-24.275386548811667,-40.07462853045194,-38.354369310853045,-18.383077620816238,-3.7942511856339256,19.81624404356046
448,2.4718613227169532,-0.8738691968109367,-0.7700153747613624,-43.43067418074129,-37.0421401645741,-65.5361026447006,-35.67812805699014,17.82781112398252,31.99289043841207
449,2.6746606704300127,-0.8843543996036404,-0.7723857676256467,-0.04502417117814894,-36.774942599140196,12.122817538020511,10.844793143344141,19.242257135307767,15.778811716978256
450,2.024590501289565,-0.3484110796498612,-0.5423489253536797,-0.8795843107574363,-37.90585868582448,20.419429675089532,2.187792840040636,-23.966676656834377,-4.272300091466864
451,3.080064871646226,-0.09100351290741412,-0.7365149528086049,-18.411565347064226,-39.69018070063279,13.177099850323463,-0.9444500313577707,-2.3445968314807826,-5.642220079185013
452,0.8114456131765884,-0.35686967968331385,-0.5423489253536797,-26.92492037692955,-38.876095922498166,11.270270730177899,-23.946405395587494,-26.59665971065106,-3.121783066118182
453,2.533343159861154,0.926037393072565,-0.233438815907858,-50.92699493471657,44.15571739107595,-6.8334986125872526,-2.0150236945565534,-27.634671960759285,-1.8648366589490766
454,2.57693819937106,-0.08538502300412641,-0.15358533896535098,-0.6683333635986537,42.163799817447604,-10.632826341230889,34.85971045792179,-21.278204725496895,-3.6154804159114833
455,3.040298313943377,1.0857167246499122,-0.24912429977882564,-30.618839940585378,53.033088228400906,13.083338241795483,-82.07722133239248,73.4840861259342,-0.8247087954340685
456,1.9419922139560974,-0.7467188781101913,-0.8920716345126474,-39.70757095805538,-47.12364447994307,-25.15050492711954,12.433982967006493,-33.615012122035715,7.396181085346996
457,0.0025154526531910304,-0.13795211335563137,-0.5830541975899971,-1.782687452268998,-41.05886110052997,-13.252145106536934,10.22237695837018,-10.931297640941244,-1.5822615332675396
458,2.4956445569677177,1.0070490889909962,-0.2769150283037851,7.0773461536340685,57.96035000279067,46.44979244908582,-93.57689856167181,83.03387484663617,-1.663610241596765
459,3.187941456054355,0.19511394922227385,-0.21600184681141857,-40.236448043808586,32.51788652296162,-31.483986021895504,19.83363249493514,-40.765656259567265,20.674151015442472
460,4.51284116042156,0.8673023856312901,-0.26122954443281754,317.61424693172313,103.24457295945571,155.88659023603898,266.5430507197688,153.5213981328469,-12.8421397149207
461,4.779822111333403,-0.11702372183260525,-0.7966144914449728,10.028998858484576,-48.31705259214326,-17.140474434909205,16.42607002144535,0.5272662808173596,-6.524358765217561
462,2.8340471115777817,-0.3565830317254733,-0.284977096833133,23.455906950656896,46.636024647888824,5.036303517508589,-49.949013194856,34.51696692666846,2.417957435647123
463,2.568052174821487,-0.8154191542269839,-0.20512361989062608,-27.69194388198446,30.672036617609432,-28.29177961945919,-10.062099655622932,-1.6586886574057442,1.7915990626920668
464,3.868756884041269,0.06615389426118727,-0.7522004366795726,21.458353949644373,-44.010777541688185,32.56927957302994,8.360220220532343,24.810997247696825,-3.9508171909717684
465,3.05342154276901,0.02589457724450095,-0.1330120749477223,-34.71689736647729,36.842708766045675,2.090470066762883,-31.772380558302213,-4.23882794834709,-5.464743738214689
466,3.503732733611485,0.7021841356347197,-0.2851794956337327,-20.270420344355934,21.08316054616202,-34.826760948035485,-55.51024095585889,-6.140392311500716,19.43054990650957
467,3.3766092123163194,-0.3321120407437819,-0.20532601869122571,-2.7287699489782864,34.857833649313406,-28.419830574826108,-29.569475321477064,3.1309616453694886,19.14674266425032
468,2.265877737784142,0.06463898256887325,-1.1460741711211118,15.18946719564305,-42.867614127001126,-0.5174601558494968,36.17736550264522,13.096349404087377,-3.805917102223827
469,2.9592597228767934,-0.08538502300412641,-0.15358533896535098,-10.238167657523539,41.281335708900095,-5.302716065885313,37.67598568123648,-25.394944081121217,-3.405149679980747
470,-13.136404544313638,-0.9488909862474244,-6.779296258124549,-24.120164653242053,-32.811212775759245,-13.97458631208995,-5.6189955849271,13.34598863662212,-1.209804255385114
471,3.32445464917859,-0.05383000316814421,-0.15358533896535098,-27.28287075296863,39.12391934621742,17.73558932981712,-5.505314974436848,-26.712123638196562,-3.3796053509445394
472,1.5700210800780383,0.33237690574717316,-1.34868335232908,-18.28081730045386,-53.88666010703922,6.228599246772905,-55.187462050419924,17.52453087759848,-3.76527203342143
473,3.459135349333255,-0.5826955745872511,-0.21579944801081888,-19.373236415147293,35.88666856182725,-19.141979669111716,-13.624683538415791,-59.16796183857628,15.587185839221696
474,2.1954610724633934,0.09022399494073605,-1.0840069409459079,-43.50166453936607,-55.141755410273845,2.901675678212969,-0.25427608205444163,-10.772274207357592,-5.691750299086195
475,5.629033553614519,-0.20882621097231974,-0.25623870996751663,11.392397328403929,17.34337757565345,-35.2808351989363,-66.21443655857964,-7.198575969991571,21.154070790641867
476,13.474093295459031,-1.0103661323075857,-0.934671220316766,92.01679576472016,-24.08708938290143,110.5707478949723,20.332490112449115,35.66332765092108,26.6513052835371
477,-31.610048339504264,-4.195045063392384,-3.643003193993439,-5.739499374006766,-31.133071972583412,-1.903456027661294,-0.3939005427537333,1.2927176543864514,-5.808059873958082
478,3.7990716664282114,0.786692689404129,-0.22855103576119698,-29.54176478253739,43.60937332308969,-62.638660588629165,-21.961554965004797,64.05589095746177,-2.6338639979181724
479,3.7837092168533157,0.17441874758388906,-0.1330120749477223,-40.51719016972597,32.290325168146595,-39.27211138870758,5.081638511392848,-30.483158501347205,-6.007986242715073
480,4.18241490069763,0.8433776970709531,-0.2336412147084577,25.71937760628997,42.82672196364395,6.9468461574095866,57.21204455240465,16.75838826534863,-11.128896661623864
481,-35.59864601553798,-5.741844251416647,-5.162652751240383,-35.99296274060419,-29.197942801273506,-20.201069109154325,-18.13870531487136,-15.218748301735134,4.469204552366582
482,3.4299895245794083,1.1567088632775446,-0.21902039424620573,-34.318652194814405,36.96097195772309,-28.994343787606738,5.6497351009634205,8.563802095304151,-5.8825578986471765
483,4.631811484824124,-0.019271191298771983,-0.1537877377659507,-24.54688212993516,9.75943946488958,-31.257938313183754,-1.036293231235088,-19.44322912534527,-9.367215954416649
484,3.2743513076192907,0.8746402662505341,-0.24681112277116515,-28.42678974882942,38.70017001342288,-24.50358118101761,-42.38737633598984,-28.761152427689396,-8.80681750446218
485,-26.955371234548274,-0.15932307511953347,-4.092081377328653,-36.654657695838694,-28.128967635785337,-32.754183762744006,-4.3583654783833055,-23.02687464161255,-3.1835418321065827
486,4.302191698976019,0.801830761374561,-0.26122954443281754,-21.9586762965477,51.18692878641809,-1.4196531377040922,47.58037981075188,-46.26607036140286,-17.609068450900033
487,4.68797790274389,0.024396970885628595,-0.18137606749031046,-76.41053439235519,38.87863228268875,-20.096035671201342,22.769583755894615,-58.40048018989109,-6.045531324741812
488,3.2910042656204777,0.5199362860377178,-0.19844713022857693,33.68958074963497,41.79668124504343,-24.60092121623904,6.8584846135083986,34.264739895851434,-6.584425442695722
489,3.324295268585527,0.2249449674340216,-0.1330120749477223,-33.030966815191086,40.4495870191963,-54.116483963564505,5.506898418648254,-14.050517918846532,-1.4581116347811534
490,2.873054306626984,0.42213724766683963,-0.2128655518902292,-10.824832950285666,35.562686599865664,-27.699340101344017,-34.682455872321846,-18.81472363084602,-5.937026780938611
491,5.303929766528023,-1.0144695444165044,-0.20512361989062608,-45.289017668376374,15.691005602411348,-32.48974427322993,-20.05594942249159,10.27781366372071,15.38818876227799
492,-29.607910015376795,-2.279652357282964,-6.587038321611539,-16.17846241700655,-36.325091554223484,10.729900175056985,-3.143886796014239,8.203934006725882,-2.305159453734212
493,4.6292141664801525,0.024396970885628595,-0.18137606749031046,-1.4912647192215325,38.42259236672232,-18.33477956880288,34.07105912535277,-53.58982985656432,-5.93337915082877
494,3.2910042656204777,0.5199362860377178,-0.19844713022857693,-44.02676804046382,41.84762172123389,-24.445143438461265,-8.404682053158258,26.377537098648627,-6.584425442695722
495,3.324295268585527,0.2249449674340216,-0.1330120749477223,-51.07714893862322,39.54536082872008,-53.960706185786734,-3.5968634861136515,-9.222125477954087,-1.4581116347811534
496,4.032190684687214,0.7056202023096115,-0.19864952902917643,-35.25250355803724,16.239641391883307,-18.96122821889758,-15.150421850935519,-18.263833972233495,-9.734181883214083
497,4.767002232443498,-0.16450530688945122,-0.7541308096227389,-22.741902847293026,-39.49681230302454,2.9090710580902917,-13.372805212690729,-5.265074655163768,-13.354208889316466
498,3.1199723756745796,0.7198140815257247,-0.233438815907858,-34.755430010986544,30.492325615166553,-40.092789416453385,20.96701115034821,-26.010319518808075,-4.560512194026165
