,motor_B,motor_C,motor_D,motor_E,screw_B,screw_C,screw_D,screw_E,pgain,vgain
0,0.00020120407091798459,-0.00012781137877845175,0.0017031460350306444,-0.1209776177846571,0.0011107235859315807,0.004206856472122284,0.011452953511373558,-0.09530768649135095,-0.7819811219449836,-0.07477023364446805
1,0.003147403284534604,0.005651902830485073,0.013514678474258086,0.03237223160918314,0.00393340101218815,0.011638702766433966,-0.09923915581081663,0.016470391726081002,-0.7776297147374296,-0.07534812882377988
2,0.0007856139304761911,0.0016987520823287814,-0.33867648382203847,-0.00017126416146894351,0.0026424447374956816,0.009403967092595509,-0.11401313730520263,0.0018134922417646039,-0.5602351390907749,0.1008878109259621
3,0.11323386030883427,0.22255709225386003,0.4344577934754355,0.06690846072001462,0.3092819762335387,0.26551194790658156,0.22778719424783173,0.2530332345700079,1.7679157579822518,0.3427242428327817
4,-0.0007863418876058484,-0.0007813297265207332,-0.135930239632765,0.025917350530282154,-0.021232191696742016,0.0038664635009462494,0.0043905276468467385,0.0064725412271518816,-0.783085843758109,-0.08657005167234681
5,-0.0005445180854378404,0.004133759139382209,0.07650338509916842,-0.05426632364346699,0.002814665741773514,-0.0862910228292866,0.002236420310552017,0.004055107611334186,-0.5559253975011527,0.11004682948827188
6,-0.05483266114467687,-0.4788380992341331,0.473903944448467,0.1017952736031599,0.286547188231872,0.27972621061781766,0.34945552817881403,0.26364054804321874,1.7625420132546237,0.48344768953197487
7,-0.010165272361681967,0.30459400986359564,0.473903944448467,0.09341596541104655,0.3696165604415254,0.28111103164233947,0.2618921329163778,0.2498508572691008,1.7625420132546237,0.34065598264574404
8,0.0007372698148515371,-0.02105425342776074,0.01717697984417854,0.03590427365786939,0.0528623162093843,0.02904568962971185,0.032717562237680575,0.02456466351386703,-0.7809841746613062,-0.039707076087338304
9,0.0006264451180192661,0.028677312786286432,0.002432304394077738,-0.024979553293597273,0.03738855116324888,0.0554815213474481,0.055039652893571524,0.0588086716881274,-0.7762088972844008,0.06849660271835657
10,-0.01082507912307555,0.002595860935464491,0.0127475655898366,0.0353035188104411,0.003235339145505115,0.00990866965158181,0.009745211491306903,-0.09693088795368386,-0.780035353524513,-0.0756082850917257
11,3.114713420692303e-05,-0.00035668660940632753,0.002859836136071963,-0.11399173647195003,0.003590205338352219,-0.04584125935326989,0.028282444487947405,0.02398549964379695,-0.7802698232399683,-0.08127857173464241
12,-0.000785594065388356,0.017167475865914186,-0.002537280124430414,0.017760478675967757,-0.0072788983850307605,-0.19811475569990508,0.02914137479549827,0.022820330193663377,-0.8114840924235821,-0.11742862560156898
13,-0.07303225690516596,0.01733279154635461,0.4134584426421533,-1.3038404253054248,0.10030653113901727,-0.9094691697228651,0.2645570322900774,0.2672942017615797,1.7625420132546237,-0.17175849916921224
14,0.008208714350176149,-0.002251605018391542,0.014070944386377546,0.02982014629441336,0.005786917795741168,-0.09570979576148886,0.013484384004236412,0.014780175053007895,-0.7738023614396409,-0.07725078813329309
15,-0.0450101069762771,0.01924292688424459,0.4203253534444676,-1.100650837998394,-0.9319032847832723,0.43208965450507136,0.4179269492198838,0.3981539402101651,1.7625420132546237,0.29468314977062554
16,-0.042083714721787284,-0.011128489640476193,-1.7378958183041013,0.039573708810332606,0.06385097163398269,-0.35577390203152287,0.09361151814754087,0.17937328245206474,1.7625420132546237,-0.1346882520695198
17,-0.019147678842748407,-0.0006860681865989962,0.01462765639375797,0.031166091871408178,0.007542439847495249,-0.09303538309171948,0.014649274503987836,0.015103287974490707,-0.774761742979641,-0.07894627325929406
18,-0.01099433860283667,0.007917215613496,0.01791301058559754,0.029377802966274843,-0.08701161778442575,0.02500093559315339,0.025341227104087417,0.024438722904170432,-0.7798733037399797,-0.07822263260839987
19,0.009175816329761692,-0.039402584078551295,0.00034538255661852117,-0.022399270628646398,-0.009273370639639443,0.03286181180556975,0.038432279548452235,-0.19545459140371088,-0.7939563099985267,-0.08006877616018958
20,-0.0022383271376600566,0.007289482566015434,0.07251648956478149,-0.04119455987765971,0.006908218455147913,0.02080842561233646,-0.052803630272224754,0.01635740622757884,-0.5577227684282338,0.10034108302105564
21,0.00886353466536305,0.024218878532065963,0.07588668439867827,0.02189206644250024,0.011273478748540545,0.02159646305213867,-0.04374402463749481,-0.0015716520009260088,-0.5520480994572831,0.1055172341875552
22,-0.017347476953471025,-0.0003300113270210725,0.015001398460564684,0.030995898409869712,0.0031432158995196944,-0.09283374471834646,0.012293278667299517,0.014103160866128383,-0.7766594199659249,-0.08047975560748019
23,0.0031551052834292103,0.032885363223901044,0.005020065800679781,0.027190633275991576,-0.006550701708020005,-0.20275463931742055,0.030023738099045322,0.021981150474706078,-0.7946007331548754,0.0027866472537013214
24,0.00881460762508335,0.012822451662967332,0.018791666873277275,0.02935890919997447,-0.08491746148613061,0.025865794635515468,0.027552201136253795,0.022987430826090734,-0.7803248409834463,-0.07143849735844748
25,-0.00011658116882338019,-0.00035668660940632753,0.0026771425709437584,-0.11369942666682185,0.002859396657756982,-0.04519437975326989,0.02912932542378074,0.025153496574491393,-0.7730775110546512,-0.07948864434286215
26,0.0006850584946671665,0.37402593032698606,0.4770150656504873,0.0996594711870856,0.3728916676196642,0.3098000703434136,0.26436797213697727,0.2831067731056052,1.7625420132546237,-0.22869533958837204
27,0.023497790184761693,0.028288011544215473,0.0009267732925342725,-0.02974333467311609,-0.007932290197972777,0.03390263261427845,0.03901711311636963,-0.21493640892620808,-0.7946313145451931,-0.039877908578531344
28,-0.1059380139031934,-0.6823168137586486,0.46322949891981535,0.3801287057036221,0.019961167338506905,0.06153838258114136,-1.1734536419121033,0.0879972514814567,1.7625420132546237,0.3136868128259168
29,0.09276620598383432,0.162208055233225,0.4344577934754355,0.3321772810442458,-0.47207986689804154,0.18161611108812595,0.21500961119783166,0.19943084592357935,1.7815056975145511,0.23428042196835183
30,-0.03171873564699596,0.012429569300882154,0.0006036941140727342,-0.02629956231311609,-0.004499856964689407,0.03172884706963386,0.037779657622052855,-0.2101671113322828,-0.8101742551704421,-0.023046610447977466
31,0.2266999320097074,0.3409031075589009,0.42759088267312123,0.38025675996280106,0.03383921454663364,-0.5940556859755057,0.18143779768121474,0.15124517775714186,1.7679157579822518,-0.33047841766512887
32,0.009246215371556567,0.04396033620941575,-0.0021872532335554993,-0.019756118561705907,-0.007082170501600226,0.031888567864807364,0.03852873265895106,-0.19143839596525014,-0.7952967286419845,-0.02585180346949667
33,-0.00455030864425124,-0.04085566134645433,0.015146347997665696,0.004694570566986559,0.02103485641119351,0.043747996135905375,0.0407919995900396,0.04597198491944794,-0.9357723654324717,-0.02119743006692341
34,0.008276274185817173,-0.0025858803267501287,0.014533869753056067,0.030332649827746683,0.004472983429789421,-0.09323790319482222,0.012623487428024292,0.014219113398969434,-0.7748437827559255,-0.0807791090147675
35,-0.06236587601349931,0.012473441932423867,0.42152563321140823,-1.3120817610043505,0.15277418431991344,0.2231539206528331,0.28276058321491754,-1.1090556542335512,1.7625420132546237,0.33567303119641917
36,-0.049350300055120616,-0.001399993800000001,-1.7563184067089388,0.045573656476999264,0.014266391733333323,0.03409768706685082,0.05534749684517934,-0.6168797212765551,1.7625420132546237,-0.09649586200523401
37,-0.0052427242165708,0.011239428823796999,0.003035127701093923,-0.029958977485792456,-0.005170977016504857,-0.2243359349474062,0.026705151096021913,0.01759723376695233,-0.7946007331548754,-0.0683822720355772
38,0.004380162523351738,-0.01665262096797332,0.018052261300768663,0.029266240888863367,-0.07470397268703058,0.025401247542709237,0.025773726353926954,0.022126519990241584,-0.781054982685211,-0.06857649012850862
39,-0.007014463428396202,-0.041794973696648106,-0.002449939663182941,-0.009877454925643778,-0.009064341899980793,0.022284860325133982,-0.20937307502112598,0.010936528419709376,-0.7970503304798308,-0.1093370696988972
40,-0.005999538940644427,0.0327314430989707,-0.0561500166515996,-0.037256876326530866,-0.029907233232451463,0.04381261659275285,0.0458753346683656,0.04472744733507748,-0.7887705951841071,0.04707472357130476
41,0.0001997837312497231,-0.05510571751668637,0.07781819886499065,0.004756025271443491,-0.04362339596957584,0.01782506252969857,0.007282704750782049,-0.0029608955961930757,-0.5569860404681647,0.10118329883359346
42,-0.0010611750943267317,-0.03002871089275198,0.07582296077909693,0.02486270207398948,0.005670173134367798,-0.07927937615405888,0.003130961045913615,-0.0017901447846129439,-0.5591285447678196,0.10544067639134008
43,0.008800335893619594,0.021609451829827063,-0.0048999468098496046,-0.01015870687564378,-0.005769409673364089,0.021192772723308755,-0.21667332891311128,0.01350501412885724,-0.8125932711050791,-0.13062791406742685
44,-0.004568498582996752,0.02480312763355371,0.02269056692740719,0.02252175742643947,0.03728542913313796,0.021383777672091264,0.023264139050270506,0.0184672467946508,-0.8188330783383372,-0.05762677038507893
45,0.0081594142144243,0.027518340202088896,0.08119320373999064,0.0047612977783271565,-0.048397241520349785,0.022038373121412772,0.006440203867657955,-0.0010292406954407738,-0.5566827301814,0.0990114045044268
46,-0.013746328337346425,0.04248677251084979,-0.005547991150732563,-0.03302554494294257,0.056506466254085605,0.06552824525358314,0.06167870801209804,0.0671610384111463,-0.7895534792590533,-0.031974267220550044
47,0.005408836991603794,0.027652167753186987,-0.0005697104852949652,0.04398848982504037,-0.007119520114838187,0.026491546943268145,-0.20639913868739365,0.014497517563885872,-0.793422097527323,-0.02401669083099738
48,-0.07098490436658111,-0.5227544387534135,0.47510422421540777,0.43241387841745166,0.03652143105311732,0.11073897508766302,0.2560113917454159,-0.7196471403839951,1.7625420132546237,0.6594178992614482
49,-0.047309302761530884,0.022619088314285718,-1.7154377309720643,0.048973641476999265,0.045565930940476236,0.09969585796862507,-0.4398727902755104,0.16325913258570615,1.7625420132546237,-0.1766547770004721
50,-0.00043073591500048626,-0.0008923415403723383,-0.1381457086029265,0.027325246216880587,0.018785138609782703,0.004220632650946249,0.005748847062045036,0.007030422804197237,-0.7811320236429526,-0.08187325871146178
51,-0.037660401328010185,-0.38186019004643484,0.473903944448467,0.418251536671042,-0.36897086549374514,0.21814699488507622,0.3348664092502428,0.22215531404559982,1.7625420132546237,0.4179945438442765
52,0.2223030293585571,0.224287250092673,0.44055464880498985,0.37019542143504774,0.05733273685604032,0.1192184161772207,0.16699552434247003,-0.6544981118830014,1.7679157579822518,0.4950728323648884
53,-0.000896793446494516,-0.0050300110043179375,0.012670832148166186,0.03191835945997679,0.003476275318367442,0.01370370647595041,-0.09806182644294906,0.01824664885739042,-0.7718370100377414,-0.07080347159721073
54,-0.00041996908579729566,0.042998538522020034,0.03920302532166564,-0.021774607812187586,-0.06217303295607282,0.0505253264543909,0.0468919983783941,0.0494425128609791,-0.7836908111572644,-0.040864948994989735
55,0.005558498300245928,0.017196648275317566,0.07126274473069663,0.029762241811697752,0.012880894049687905,0.019027419847940447,0.01131379974156989,-0.006090277729785286,-0.5379048394338208,0.09049939913758819
56,0.006338604628932243,0.04594547912803759,0.045785084305840065,-0.03525335803337654,0.05699232097012052,0.06717581331360994,0.05801368617931728,0.06714849862212574,-0.76808335391771,-0.07279867916575902
57,-0.006911863462394945,0.02043861923397071,0.07588668439867827,0.020504579911944685,0.011544307740762764,0.021814220880812914,-0.04792051278368533,-0.0020382800625565944,-0.5522981011739494,0.11136725624755518
58,-0.0460101519762771,0.018385752479482688,0.4203253534444676,-0.48539122184881583,0.7479198520884848,0.5911207334805614,0.6211805458032166,0.482081589017308,1.7625420132546237,0.16530521578808585
59,-0.006288554106806885,0.011643414496406757,0.07582296077909693,0.025164493771112493,0.0036607354167650986,-0.0882453575773522,0.0043144479259086205,-0.0013821268633467064,-0.5576347846578191,0.10658443434717338
60,-0.003422570104348305,0.029931341243263736,0.026322106505160994,0.10652352677779016,-0.04551005913157186,0.0489649303145957,0.04563694485759969,0.0449805289456519,-0.7870934626462944,-0.1386975111307094
61,-0.0009047222894438691,-0.0005785633664896617,0.0041969396340902415,-0.11878024763575239,0.03973634662969656,0.025454557352893026,0.0325924550507698,0.027980031219892117,-0.7855728232963693,-0.0772371498681486
62,-0.0006359705277772024,-0.001328568516489663,0.003781758172185479,-0.10840760723449203,-0.03432367973795703,0.023706649178186077,0.0299080613832698,0.02606716296068159,-0.7864924644612502,-0.08151405068521891
63,-0.004323658705789702,-0.04088962340901843,0.009376266080695994,0.004060585016581669,0.02083727036723907,0.04309551342548031,0.0401356515447984,0.04477266586045418,-0.9308154068434017,-0.015362259805901864
64,0.0006190052526984127,0.0007716749767732268,-0.3546594629158173,-0.0025232032312138184,0.025545269082225222,0.02645932749014555,0.059893189028698765,0.002597146308234699,-0.5629107892245795,0.09772041106397297
65,-0.002740669256120332,-0.10054347700648844,0.024472236457367437,-0.02678007771334546,-0.04737617746572753,0.050915741924958485,0.04750769236457798,0.050115832009132145,-0.7907526042638281,-0.044056596219388275
66,-0.03895042725512062,0.0,-1.7741996401104831,0.039977539800231596,-0.36438179878149357,0.20368206236782482,0.18736194892723065,0.18636250939923976,1.7625420132546237,0.20698143192908455
67,-0.04108366722178731,-0.010128443807142864,-1.7226957794950095,0.04707368697699927,0.08551750685064936,-0.4223496904600943,0.09937081189797375,0.16750294818917486,1.7625420132546237,0.23762889834575115
68,-0.003534528067392266,-0.04506093360736703,0.014762805101749382,0.00429456772698656,0.02241421581595543,0.04413081143048868,0.040683619589050604,0.04584397920454408,-0.9186384083342874,-0.022009042528590077
69,-0.006226554006380398,0.032384400661420475,0.0002427948063717017,-0.00994007443736319,-0.004635586738069975,0.02006678988922521,-0.2135793036033534,0.013107421363932385,-0.8106028508149551,-0.01080616908968999
70,-0.0016108473341338032,0.013923124263727297,0.01755790080359193,0.03584564227374242,0.0587043914570475,0.028522534187874243,0.03304121560013957,0.026395629829701752,-0.7780535390527599,-0.04668756549779301
71,-0.003621651045442269,0.023401632509125258,-0.1315174459696004,-0.02418372377015764,0.01855585615408222,0.05522790204429022,0.0538965655264589,0.057830353905400256,-0.7760168313424816,-0.14431150728053707
72,0.0036503878017896596,-0.016185802115155856,0.017701836687423485,0.028753737355530024,-0.07552317764292947,0.02540385183391955,0.025522935026747462,0.023380274124741703,-0.7754804136564808,-0.07396154238444769
73,0.008011358069639948,0.007177140480464492,0.013106050202931844,0.03600352355210775,0.003890792649607679,0.010525375790584608,0.012052519162418014,-0.09593713130913836,-0.7812103508995127,-0.07385752456796503
74,0.006102443608905385,0.020598749655914177,-0.002537280124430414,0.023910968067158235,-0.01013632761164746,-0.20268521186367322,0.02980992123593305,0.02212865872921894,-0.795941151798333,-0.11199014146790733
75,0.00793363058860817,0.005986771133242268,0.012643124836253327,0.03517851791877445,0.0031135604174966536,0.012110282652945713,0.0085870457880349,-0.10629563250453601,-0.778890691621967,-0.07222993587771433
76,-0.0049927248765708095,0.006162687202000599,-0.0022201250267940512,-0.017424694669963093,-0.01636899717013231,-0.21989147702699208,0.0271580054773541,0.017916618076326312,-0.795941151798333,-0.059763088055757294
77,0.15099871635565967,0.23753408527091363,0.43756891467745573,0.3838643774766342,-0.39738004862942655,0.20614120291896193,0.24314272600851058,0.2251215031100837,1.7815056975145511,-0.12312537417220518
78,-0.025378706558293745,0.5068202620270097,0.46189618225314866,0.42994462516071513,0.03992016105149391,0.07501580701754457,-0.8805525682346906,0.08359780585389721,1.7625420132546237,0.24556940070568906
79,-0.09611331861244923,0.0752997344927413,0.40762132179359395,-1.1636265085919522,0.22770900424523816,0.18244617970455873,-1.1840618307815793,0.26759070071328234,1.7625420132546237,0.27598605831308054
80,-0.0460101519762771,0.04433180755706884,0.42343647464648776,-0.597817002827629,0.6677759774013812,0.5019325282547046,0.45156359446293826,0.419232384811491,1.7625420132546237,-0.03353448605365157
81,0.010589871665009088,0.00017236801026771645,0.015773278658898018,0.031559700858441155,0.0037581931250508277,-0.09599488153227406,0.01271163475319911,0.013311488798451617,-0.7781040327959252,-0.08189092620998017
82,0.0031568143028938914,-0.007447279424755026,0.011903719263744707,0.03472464576956811,0.00349324812339076,0.01248188990848836,0.008504512920992772,-0.09897141612533837,-0.778890691621967,-0.07319384358587999
83,0.0002586870982894611,-0.02017086719797358,0.016870873764772757,0.03472926559120272,0.05382081004905898,0.03136706003925551,0.03329016710421322,0.026324671158367143,-0.7753766506912126,-0.040100698384835834
84,-0.0009399498724741715,-0.0007660645664896626,0.004014246068962038,-0.11801293449729097,0.03843053392410132,0.02478892764455969,0.03382683868660317,0.03077303955058657,-0.7783805111110518,-0.07822224179636832
85,-0.010375265142352935,0.0030648774332422656,0.012373823523029884,0.03461601404377442,0.002576857900060758,0.011212324543109584,0.007798498621090451,-0.10490386035618383,-0.7775906934469675,-0.07313604818766546
86,-0.002934208117531854,0.005656912276142928,0.06856814550076808,-0.036073075189800394,0.005073787048604076,0.019998619846623083,0.008569362638601764,-0.05410939442963542,-0.5379048394338208,0.09003989239118666
87,-0.0044650344623464394,0.0395669146147692,0.03760583533745789,-0.030713215866288616,0.05552633715580468,0.06442285725118758,0.05827624121833388,0.06602788188003908,-0.7877250091320099,-0.06663398446580951
88,0.0038689457114476963,0.002885562454835723,0.013140936407451363,0.03254242507072158,0.004140104228529506,0.012239227874033176,-0.10274723500440307,0.0184321040483887,-0.7766358905713373,-0.07335446748852913
89,-0.00634377400212636,-0.06139574625015587,0.0001618587961926032,0.02152202547236518,-0.007550707821353338,-0.19758785755475555,0.029433324442123078,0.021811399213822233,-0.7963535861812393,0.0018139013162654213
90,0.007614860540760372,0.025227381529175842,0.02295986824063063,0.023410562255010904,0.0365937006811294,0.02313174179526073,0.023528575606381615,0.01842608015693354,-0.817728824308074,-0.056901170566070955
91,-0.0008780221397540771,-0.035040241474295304,0.07126274473069663,0.024345371082057952,0.012461902052500133,0.018994219924162753,0.010767822951872912,0.004251928100129796,-0.5379048394338208,0.09012439653758816
92,0.011115544666077322,0.02344825575021171,0.0788136848674582,-0.0075619165301647785,0.023308124010068664,0.026917318965898055,0.014707176955065217,0.0010559183903570577,-0.5552643385793996,0.10109355223556615
93,0.0010178086605680734,-0.023443868708614424,0.02268684004563063,0.02207976465179453,0.02523473329378703,0.021453147784231196,0.02249777754551999,0.01821501620519458,-0.8484948901233959,-0.052484063223578056
94,0.015494919509889899,-0.03548894376928269,-0.004289044348793594,-0.025178266725342287,-0.008428608834933559,0.03292938867351605,0.03946996749770181,-0.2169135584859617,-0.795971733188651,-0.0711138011970051
95,-0.0012522531922087741,0.006623035167773861,0.014373166420686657,0.03402354160442122,0.004469806330179602,0.012255408905436768,-0.09828789730879989,0.016193306481737578,-0.7789790489726425,-0.07490735210544655
96,-0.11211353194578258,0.05224452590366084,0.40895463846026064,-1.279817922609654,0.12178066444880949,0.13966604746131356,-0.9621141462428536,0.2117555911469706,1.7625420132546237,-0.15350730634621051
97,-0.0040551123259921305,-0.11530379903548119,0.010704835519033791,-0.03395089001630893,-0.04456309947542279,0.04925861078735401,0.04633497877084218,0.047479766065120346,-0.7914749767976664,-0.06066879806034094
98,0.2357196613146035,0.35961461179547954,0.4252834064259507,0.34025070564863086,0.023731172071285212,0.050173466225040604,-0.8205892268071027,0.07209285259121831,1.7679157579822518,0.2511686522837802
99,-0.00679957713161645,0.02197822077899367,0.08093427337887955,0.004867577747771602,-0.04753583665729423,0.022261907884702413,0.0059795179743520905,-0.002608304907071362,-0.5566827301814,0.10074437124382073
100,0.004941227509135457,0.025804063827234373,0.0008950370006797822,0.020840142604801087,-0.004993281724736639,-0.1967654232803192,0.03085520219194387,0.022922823762483852,-0.8099936728201246,0.0141304211600397
101,-0.08432051577703863,0.34161225563908443,0.47510422421540777,0.44568743406263983,0.0630435501584713,0.10983324454908971,0.1708536621133971,-0.6949830909123884,1.7625420132546237,0.5120020762278507
102,0.31260978075865115,0.41526152707003683,0.4252834064259507,0.3844772921537464,-0.004977085812931516,0.05680808672232258,-0.8224293555503561,0.08572753313095581,1.7679157579822518,-0.14132468634948983
103,-0.0005136127512422112,-0.00029174296263184473,-0.13339807919966978,0.026137544358487277,-0.022805416809718194,0.004571081676144658,0.004943210176608646,0.006880997599641199,-0.7772249401273548,-0.07391300372912707
104,-0.00450179881831684,-0.03866245935792755,-0.002006032624430414,0.016620473754781845,-0.008484529499980794,-0.1996371949976749,0.028863106308177476,0.021008454563216056,-0.7966939980580305,-0.11524590773867664
105,-0.0034081884250628715,-0.0735359562431866,9.620101884521556e-06,-0.008171312182363189,-0.008505522971353343,0.020415122217717102,-0.2089070438363681,0.012417520095736899,-0.7950599101897061,-0.018244105236160366
106,-0.0020869949325534333,0.029611327744271054,0.004916567843075555,0.16343329818627514,0.026291425595042356,0.04727029888365783,0.045217510201641664,0.042400266720570484,-0.7877325013801331,0.025684800769290233
107,-0.03895042725512062,0.0,-1.788199685519574,0.04357366747699927,-0.2706014399743507,0.16380709454185083,0.1722772460974326,0.18713293296212968,1.7625420132546237,-0.09820274905285306
108,-0.0007836988308075057,-0.0007660645164896629,0.0035990646070572755,-0.10867780146269714,-0.03638887290105229,0.023641023733186065,0.031245570774936483,0.027385160971376034,-0.7801439080509325,-0.08122413379343862
109,-0.03895042725512062,0.0,-1.788199685519574,0.04357366747699927,0.25245807587564945,0.17587353502518419,0.18911044234743266,0.20629944729546293,1.7625420132546237,-0.08333630296951973
110,-0.0013551299020500714,0.0027160622671245104,0.013410237720674808,0.03274372513262638,0.0038671286148542917,0.012699682863035978,-0.10253169664631487,0.018176650186861924,-0.775244134657741,-0.07184582624793388
111,-0.0013822796839951087,-0.0903954098199176,-0.0001882683043617088,-0.02557242012168342,0.05396566814784702,0.06457777573603318,0.055962551688716694,0.0631445241495339,-0.7616705267850427,-0.03830362747599242
112,-0.0006461884336229157,-0.008475913896605096,0.013133757514844708,0.03243086299331014,0.005007977419883233,0.01213859160057343,-0.09727876548329117,0.016700928436699833,-0.7819969662993093,-0.07750270292134495
113,-0.011859943318347325,0.02014929305211646,0.0788136848674582,-0.006743233527387005,0.021700894364790883,0.027140853729187685,0.016221350911759354,0.0005080251953931382,-0.5552643385793996,0.10109355223556615
114,-0.00032789558099339156,0.00918416315569798,0.07400659114229154,0.019719120089482664,0.01792931578833177,0.02535077791063185,0.025947732991982383,0.03252008931362383,-0.554838263917409,0.09701203563749794
115,0.007805436909060442,0.048884077540784845,-0.007998114220811921,-0.03694068221003048,0.051953726158401436,0.06651243908933879,0.06010364400641481,0.06708789686656631,-0.7714118344447535,-0.027107700763832874
116,0.007027226033451024,0.013911252661168664,0.08144800002909702,0.025695742265001386,0.00392112982787621,-0.08772453801488428,0.004215777520047819,-0.001047318324140363,-0.5558316467511532,0.10602416268467332
117,-0.0013982863280297272,-0.0014514859809341082,0.001662703272419758,-0.11571243466383169,-0.0005839310710525436,0.0017104614572734783,-0.08875261373443709,0.022450905068414632,-0.7743125101331865,-0.08010226225549834
118,0.0016719061525433585,0.0315550469635292,0.02234096500345685,0.1280477308439031,0.05156463799989606,0.06269578331277574,0.05634578021930139,0.06071365978632809,-0.774858906375461,-0.09268697547513491
119,-0.14563849681986,-0.7398509459480548,0.46322949891981535,0.4212360987920711,-0.05327613720090467,0.0475907016040727,-1.1436958802855455,0.11568748992794026,1.7625420132546237,-0.20244923971301987
120,-0.0003136928024639477,0.046539722553979736,0.010323805320841156,-0.04381093543098435,-0.05578379569493472,0.047980688876786394,0.04651839746799166,0.049093962876967316,-0.784329849891103,-0.06395605914594243
121,-0.0019803511641233087,-0.07999018512079675,0.036884960671136426,-0.02428814726252949,0.05429944163873275,0.06379738987363769,0.057041514632452515,0.06596809142687904,-0.7590087176579992,-0.06596077550625187
122,-0.0033078781289307304,-0.04509489566993116,0.008992723184779682,0.0036605821765816715,0.022216629772000968,0.0434783287200636,0.04002727154380939,0.044644660145550345,-0.9136814497452176,-0.016548875067568528
123,-0.1016173025999144,-0.6827881852213912,0.47510422421540777,0.4737154358498402,-0.07288685296392775,0.09553887097041107,0.21006557011023205,-0.9417310513481774,1.7625420132546237,-0.5425698147359655
124,-0.05423265949189909,-0.5321896753778688,0.4770150656504873,0.10491958596253242,0.2120666664861653,0.4402692583362077,0.3426808444243832,0.34308182902654855,1.7625420132546237,-0.368782473740042
125,-0.0012102300528115764,-0.04716250586051229,0.0788136848674582,-0.0011221216251581247,0.021094885616037458,0.023333711056167973,0.01719448753061355,-0.002758271656823826,-0.5552643385793996,0.10109355223556615
126,-0.08215469912793083,-0.6053323822857496,0.46623703804615274,0.42492253976459704,-0.06375841299017031,-0.6753882389234472,0.28487844267729484,0.23552730066430083,1.7625420132546237,-0.4581061855485336
127,-0.0006580100786368504,-0.0010269683588788332,-0.1363692356092252,0.027357938811752382,0.020440094917758903,0.005523171763366881,0.007100642310378373,0.008601387165257988,-0.7769756772091684,-0.07685701038146729
128,0.009170067523218231,0.012839713787213361,0.018441242259932093,0.029579103028179603,-0.0904076811713946,0.025921970755297216,0.02600050788740763,0.024397556266453187,-0.7783940472097163,-0.07853624369545259
129,-0.0721878793807086,-0.3987015128500063,0.4631259168441327,0.3895581629965582,0.021164889655629786,-0.5648361830244406,0.29029797725712253,0.17109403963093528,1.7625420132546237,0.6113085511472913
130,-0.001250558024999424,-0.0014514859809341082,0.001845396837547963,-0.11431723273562659,-7.187392379063974e-05,0.001507335040606811,-0.08364945313527039,0.01985164809438686,-0.7775860446635041,-0.07799216257727865
131,0.0023321349677777724,0.0015673267161742477,-0.33257604749739283,0.0020922274466617955,0.0027912887905909246,-0.05764777539843818,0.04921152424600287,0.00189360784301411,-0.5634780973963329,0.10445100461308024
132,-0.00019652583211231874,-0.0005028137787784509,0.0015204524699024408,-0.12262762905132382,0.0017419779625982474,0.004413107908788954,0.0119717071847069,-0.09820366030552825,-0.7783477631494283,-0.07650845597768773
133,-0.005560102395772628,0.027590257373677648,-0.12594391266502464,-0.02730490641309122,-0.014611470041618132,0.04355899728959497,0.04473224730125299,0.044499134802350376,-0.788578529242188,-0.13324548907804337
134,0.010546372611603795,0.03701032559142048,0.0002427948063717017,-0.005771295534029857,-0.008068019971353342,0.021475430264304568,-0.21600813742454386,0.011926163137265718,-0.7950599101897061,-0.012157618660195046
135,-0.010254561296059278,0.0076280765559166306,0.01817425189907093,0.029207609504736373,-0.08570267652666176,0.025132260844204966,0.024947817587338335,0.023264516070434164,-0.7792880088815666,-0.0743472296262757
136,-0.0005531557266270682,0.05060727784967236,0.01107857492092054,-0.04442687147521513,-0.04068989324562235,0.048918492709643546,0.04734063267187363,0.05033830978786706,-0.7879603546045013,-0.0550158732568732
137,0.011232543932398371,-0.0009493189743102084,0.014810349958886165,0.031592393453312946,0.007416786643859719,-0.09812778363814709,0.015245757018220759,0.01460392567835241,-0.7748313459263076,-0.07785653391512744
138,-0.02703209724032929,-0.025229347119758876,-0.004289044348793594,-0.02406575928534229,-0.00557117960831686,0.031430607688871466,0.038232512003385025,-0.21245051282203642,-0.8115146738138997,-0.08862560132264169
139,-0.05271339498475623,-0.4637297443437416,0.4770150656504873,0.4668194396867636,-0.08973411845492789,0.26488168014989505,0.3005381978743831,0.28168218611107215,1.7625420132546237,-0.28394554941266104
140,0.013712684236074822,0.01923641738813929,0.0007126808901706362,0.1031478543147322,-0.0037961417206242905,0.03734388571179868,0.0356896812892542,-0.182815204683341,-0.7946313145451931,-0.04983851004987333
141,-0.005084794489306896,0.01588419172531757,0.07126274473069663,0.02554359498114219,0.012564253841910122,0.019082195061230076,0.01278739511409736,-0.004118535059511104,-0.5428548305338211,0.08931649935938302
142,-0.07368063251989573,0.4892059986818039,0.4761042262154079,0.48105566882836165,-0.001677115201394842,0.09461461712999787,0.1463284842889582,-0.769192429404348,1.7625420132546237,-0.4079453507423763
143,0.003817557218244744,0.04775985846771266,0.04358089721020654,-0.016203073106418345,-0.05461022905676038,0.05213813484724805,0.047714233582276104,0.05213061988187888,-0.787321315870663,-0.05161854324258713
144,-0.07213873250803121,0.4081640092289537,0.46703703364615295,0.46551234780859485,0.0322958227633503,-0.6453832609181294,0.1788053800261351,0.16251239049951202,1.7625420132546237,-0.3339924492700236
145,-0.065832168405166,-0.006311471081231598,0.4095473258401332,-1.1343760068789295,0.18956186973723152,-1.001794984330312,0.40367348896368954,0.28097577696739673,1.7625420132546237,0.3174114294637016
146,0.12652266158542147,0.28838685865345326,0.43756891467745573,0.07315196649605371,0.33028558106167766,0.29180327808146506,0.2454048313335107,0.25689721301603613,1.7679157579822518,-0.22054337035618776
147,-0.04430916276153088,0.022619088314285718,-1.7147710726387309,0.0453775138002316,0.07163241005714287,0.14700416312793244,-0.43890200746043107,0.1559887405228161,1.7625420132546237,0.2881953303147986
148,-0.030163429342951797,0.25705472764090415,0.4631259168441327,0.3920292276238893,0.07614875871863803,-0.6428559790768072,0.19152059055593232,0.1420819977629717,1.7625420132546237,0.42189067654980483
149,0.002544979399338225,0.032343637101276426,-0.005742741151708845,0.13917558901953087,-0.012138447704680148,0.06355741979517128,0.05557738460084336,0.05530257364969906,-0.7786248899441714,-0.01548273693416119
150,-0.0012422836109111884,0.01328804775057795,0.017340978024057926,0.03466582643528087,0.06410130922235713,0.028989129874044877,0.03351024783333887,0.028357342152009437,-0.7786871294914753,-0.048559951358142256
151,-0.08076551668016597,0.025350963043343392,0.4225256352114083,-1.4407929402053856,0.10346119942586579,0.14400629620958796,0.18393840680658402,-0.9967690573616274,1.7625420132546237,-0.21610561117309607
152,-0.03895042725512062,0.0,-1.7553184047089394,0.03847754805023161,0.051385189859523825,0.06540619527615815,0.057139602624544435,-0.6218664245942066,1.7625420132546237,0.21056657702432274
153,-0.0538433527262771,0.010187814628497447,0.42343647464648776,-1.2885769442327626,-0.8147106746203757,0.33540118227921445,0.29397751512960485,0.3297046764376813,1.7625420132546237,-0.15072642926555638
154,-0.0028081842650628714,0.023391607043160408,-0.0048999468098496046,-0.009671203495643783,-0.008626838899980794,0.020832650871721453,-0.21928966430096844,0.01257375772552391,-0.7970503304798308,-0.12556681905793188
155,-0.0772637322594842,0.5550456857225073,0.46322949891981535,0.4741712116658308,0.001383791350610514,0.07858837328387415,-0.8869505183013566,0.09959929334363475,1.7625420132546237,-0.15098452344891788
156,0.0001146088566256463,0.012815268508456606,0.07351198731442722,-0.001612189133757733,-0.028475546225796493,0.023417796451620874,0.017200329053242248,0.017357461011159318,-0.5556625185591149,0.09146917255427522
157,-0.010471827501761373,0.30869571544444613,0.4770150656504873,0.47189264441131695,-0.4161310014827927,0.2220045957404342,0.2607724944667393,0.25503120410679564,1.7625420132546237,-0.11597422055915119
158,-0.0001472951270498091,0.0006788869015772171,-0.35099162193327793,-0.0031043079735010764,-0.028956057132723954,0.019591596888413935,0.05094015634298449,0.002653747022833699,-0.5640309670465798,0.0952531609884614
159,0.0013586944216227915,0.015018560006200068,0.01761027933728137,0.03555463126385231,0.06500334199098345,0.030760171049522028,0.03410896276773054,0.028316175514292195,-0.7778828773812124,-0.0457093367391343
160,-0.03761703258845396,0.0011667218333333371,-1.7741996401104831,0.039977539800231596,0.29454353536850664,0.22238182295115816,0.20519505201056398,0.19352917833257313,1.7625420132546237,0.19384830067908448
161,0.003788522686955971,-0.007964212559755022,0.012366644630423218,0.03592465406956809,0.004299498563120831,0.010588647728349478,0.009469968868709221,-0.09129262116396855,-0.7812103508995127,-0.0727091001927523
162,0.14140022267121527,0.2097377187764067,0.4236797658711012,0.32777336977809546,0.06331379935192136,-0.6028407538651354,0.1913450533459326,0.12100499456107772,1.7679157579822518,0.420041017058271
163,0.2440384523490333,0.34280341184778595,0.44055464880498985,0.3995636987507696,0.006107020396174227,0.09417792338074789,0.14301629047834843,-0.7031963411821044,1.7679157579822518,-0.3936260812768589
164,-0.0009812245205893513,-0.045185926144927856,0.07588668439867827,0.014231703248812823,0.010920165422922025,0.019825297092408614,-0.04267675761976032,-0.003475223943344973,-0.5522981011739494,0.10901725887088858
165,0.0030687012466513023,0.23074430859296052,0.473903944448467,0.4202055479789287,-0.5230146671847415,0.18764808903340774,0.24094750535447299,0.20468212017981519,1.7625420132546237,0.22464748862655207
166,0.0010020441518212321,0.016106764444349417,0.018416388750020496,0.03618444320231384,0.05730953362900716,0.029162317379184743,0.034475650354293126,0.02574354208535832,-0.7786403681746394,-0.04537178259057076
